CREATE TABLE t1 (id INT PRIMARY KEY, val COMPLEX, description VARCHAR(100));
INSERT INTO t1 VALUES
(1, '(1,2)', 'First'),
(2, '(3,4)', 'Second'),
(3, '(5,6)', 'Third');
CREATE VIEW v1 AS
SELECT id, val, description FROM t1;
UPDATE v1 SET val = '(7,8)' WHERE id = 2;
SELECT * FROM v1 WHERE id = 2;
id	val	description
2	(7,8)	Second
SELECT * FROM t1 WHERE id = 2;
id	val	description
2	(7,8)	Second
DROP VIEW v1;
DROP TABLE t1;
