CREATE TABLE t1 (id INT PRIMARY KEY, val COMPLEX);
INSERT INTO t1 VALUES
(1, '(3,4)'),
(2, '(5,12)'),
(3, '(8,15)');
SELECT id, val, vsql_complex.complex_real(val) AS real_part FROM t1 ORDER BY id;
id	val	real_part
1	(3,4)	3
2	(5,12)	5
3	(8,15)	8
CREATE TEMPORARY TABLE temp_real AS
SELECT id, val, vsql_complex.complex_real(val) AS real_part FROM t1;
SELECT * FROM temp_real ORDER BY id;
id	val	real_part
1	(3,4)	3
2	(5,12)	5
3	(8,15)	8
DROP TEMPORARY TABLE temp_real;
CREATE VIEW v_real AS
SELECT id, val, vsql_complex.complex_real(val) AS real_part FROM t1;
SELECT * FROM v_real ORDER BY id;
id	val	real_part
1	(3,4)	3
2	(5,12)	5
3	(8,15)	8
DROP VIEW v_real;
DROP TABLE t1;
