CREATE TABLE t1 (id INT PRIMARY KEY, val COMPLEX, description VARCHAR(100));
INSERT INTO t1 VALUES
(1, '(1,2)', 'First'),
(2, '(3,4)', 'Second');
CREATE VIEW v1 AS
SELECT id, val, description FROM t1;
INSERT INTO v1 VALUES (3, '(5,6)', 'Third');
SELECT * FROM v1 WHERE id = 3;
id	val	description
3	(5,6)	Third
SELECT * FROM t1 WHERE id = 3;
id	val	description
3	(5,6)	Third
DROP VIEW v1;
DROP TABLE t1;
