CREATE TABLE t1 (id INT PRIMARY KEY, val COMPLEX, description VARCHAR(50));
CREATE TABLE t2 (id INT PRIMARY KEY, val COMPLEX, category VARCHAR(50));
INSERT INTO t1 VALUES
(1, '(1,2)', 'First value'),
(2, '(3,4)', 'Second value'),
(3, '(5,6)', 'Third value');
INSERT INTO t2 VALUES
(10, '(1,2)', 'Category A'),
(20, '(3,4)', 'Category B'),
(30, '(7,8)', 'Category C');
CREATE VIEW v_inner_join AS
SELECT t1.id AS t1_id, t1.val, t1.description, t2.id AS t2_id, t2.category
FROM t1 INNER JOIN t2 ON t1.val = t2.val;
SELECT * FROM v_inner_join ORDER BY t1_id;
t1_id	val	description	t2_id	category
1	(1,2)	First value	10	Category A
2	(3,4)	Second value	20	Category B
DROP VIEW v_inner_join;
DROP TABLE t1;
DROP TABLE t2;
