CREATE TABLE t1 (id INT PRIMARY KEY, val COMPLEX);
INSERT INTO t1 VALUES (1, '(1.0,2.0)'), (2, '(0.0,-0.0)');
SELECT * FROM t1 ORDER BY id;
id	val
1	(1,2)
2	(0,0)
LOAD DATA INFILE 'MYSQLTEST_VARDIR/tmp/complex_ignore.dat' IGNORE INTO TABLE t1 FIELDS TERMINATED BY '|';
Warnings:
Warning	1062	Duplicate entry '1' for key 't1.PRIMARY'
Warning	1062	Duplicate entry '2' for key 't1.PRIMARY'
SELECT * FROM t1 ORDER BY id;
id	val
1	(1,2)
2	(0,0)
DROP TABLE t1;
