CREATE TABLE t1 (id INT, val COMPLEX);
LOAD DATA INFILE 'MYSQLTEST_VARDIR/tmp/complex_escaped.dat' INTO TABLE t1 FIELDS TERMINATED BY ',' ENCLOSED BY '"' ESCAPED BY '\\';
SELECT * FROM t1 ORDER BY id;
id	val
1	(1,2)
2	(2,3)
3	(0,0)
4	NULL
5	NULL
6	(-3,-4)
8	(1.3e+14,14)
SELECT * FROM t1 WHERE val IS NULL;
id	val
4	NULL
5	NULL
LOAD DATA INFILE 'MYSQLTEST_VARDIR/tmp/complex_escaped.dat' INTO TABLE t1 FIELDS TERMINATED BY ',' ESCAPED BY '\\';
SELECT * FROM t1 ORDER BY id;
id	val
1	(1,2)
2	(2,3)
3	(0,0)
4	NULL
5	NULL
6	(-3,-4)
8	(1.3e+14,14)
11	(1,2)
12	(2,3)
13	(0,0)
14	NULL
15	(-3,-4)
18	(1.3e+14,14)
SELECT * FROM t1 WHERE val IS NULL;
id	val
4	NULL
5	NULL
14	NULL
DROP TABLE t1;
