CREATE TABLE t1 (id INT PRIMARY KEY, val COMPLEX);
INSERT INTO t1 VALUES (1, '(1.0,2.0)');
SELECT * FROM t1;
id	val
1	(1,2)
LOAD DATA INFILE 'MYSQLTEST_VARDIR/tmp/complex_replace.dat' REPLACE INTO TABLE t1 FIELDS TERMINATED BY '/';
SELECT * FROM t1 ORDER BY id;
id	val
1	(5,6)
2	(7,8)
DROP TABLE t1;
