CREATE TABLE t1 (val COMPLEX);
INSERT INTO t1 VALUES ('(1.0,2.0)'), ('(3.0,4.0)'), ('(0,0)'), ('(0,-0)');
SELECT
CASE
WHEN val = '(0,0)' THEN '(9.0,9.0)'
    ELSE val
END as res
FROM t1;
res
(1,2)
(3,4)
(9,9)
(9,9)
SELECT
CASE val
WHEN '(1.0,2.0)' THEN 'Found One'
    WHEN '(3.0,4.0)' THEN 'Found Two'
    ELSE 'Unknown'
  END as res
FROM t1;
res
Found One
Found Two
Unknown
Unknown
SELECT
CASE val
WHEN '(1.0,2.0)' THEN '(2,1)'
    WHEN '(3.0,4.0)' THEN '(4,3)'
    ELSE '(0,0)'
  END as res
FROM t1;
res
(2,1)
(4,3)
(0,0)
(0,0)
DROP TABLE t1;
