SELECT CAST('(1.0,2.0)' AS COMPLEX);
ERROR 42000: You have an error in your SQL syntax; check the manual that corresponds to your MySQL server version for the right syntax to use near 'COMPLEX)' at line 1
SELECT CONVERT('(1.0,2.0)', COMPLEX);
ERROR 42000: You have an error in your SQL syntax; check the manual that corresponds to your MySQL server version for the right syntax to use near 'COMPLEX)' at line 1
CREATE TABLE t1 (val COMPLEX);
INSERT INTO t1 VALUES ('(1.0,2.0)');
SELECT CAST(val AS CHAR(50)) FROM t1;
ERROR HY000: Incorrect usage of cast_as_char and COMPLEX
SELECT CONVERT(val, CHAR(50)) FROM t1;
ERROR HY000: Incorrect usage of cast_as_char and COMPLEX
DROP TABLE t1;
