CREATE TABLE t1 (val COMPLEX);
INSERT INTO t1 VALUES ('(1.0,2.0)');
SELECT JSON_OBJECT('key', val) FROM t1;
ERROR HY000: Incorrect usage of json_object and COMPLEX
SELECT JSON_ARRAY(val, val) FROM t1;
ERROR HY000: Incorrect usage of json_array and COMPLEX
SELECT JSON_OBJECT('key', CAST(val AS CHAR)) FROM t1;
ERROR HY000: Incorrect usage of cast_as_char and COMPLEX
SELECT JSON_ARRAY(CAST(val AS CHAR), CAST(val AS CHAR)) FROM t1;
ERROR HY000: Incorrect usage of cast_as_char and COMPLEX
DROP TABLE t1;
