CREATE TABLE t1 (
id INT PRIMARY KEY,
val COMPLEX
);
CREATE TABLE t2 (
id INT PRIMARY KEY
);
CREATE TABLE t3 (
val COMPLEX
);
INSERT INTO t1 VALUES
(1, '(0,0)'),
(2, '(-0,0)'),
(3, '(-0,-0)'),
(4, '(0,-0)'),
(5, '(-1.0,-4.0)'),
(6, '(1.0,4.0)'),
(7, '(-1.0,4.0)'),
(8, '(1.0,-4.0)'),
(9, '(-0.01,7.0)'),
(10, '(0.01,-7.0)'),
(11, '(1,2)');
INSERT INTO t2 VALUES (9), (10), (11);
INSERT INTO t3 VALUES
('(-0,-0)'),
('(-1.0,-4.0)'),
('(-0.01,7.0)');
UPDATE t1 JOIN t2 ON t1.id = t2.id SET t1.val = '(5.0,5.0)';
SELECT * FROM t1 ORDER BY id;
id	val
1	(0,0)
2	(0,0)
3	(0,0)
4	(0,0)
5	(-1,-4)
6	(1,4)
7	(-1,4)
8	(1,-4)
9	(5,5)
10	(5,5)
11	(5,5)
UPDATE t1 JOIN t3 ON t1.val = t3.val SET t1.val = '(7.0,7.0)';
SELECT * FROM t1 ORDER BY id;
id	val
1	(7,7)
2	(7,7)
3	(7,7)
4	(7,7)
5	(7,7)
6	(1,4)
7	(-1,4)
8	(1,-4)
9	(5,5)
10	(5,5)
11	(5,5)
DROP TABLE t1;
DROP TABLE t2;
DROP TABLE t3;
