CREATE TABLE t1 (
id INT PRIMARY KEY,
val COMPLEX
);
CREATE TABLE t2 (
id INT PRIMARY KEY,
modifier COMPLEX
);
INSERT INTO t1 VALUES
(1, '(1.0,2.0)'),
(2, '(0,0)'),
(3, '(-3.5,4.5)'),
(4, '(-0,0)'),
(5, '(5.0,-6.0)'),
(6, '(0,-0)'),
(7, '(-7.5,-8.5)'),
(8, '(-0,-0)'),
(9, '(9.0,10.0)'),
(10, '(0,0)');
INSERT INTO t2 VALUES
(1, '(10.0,10.0)'),
(3, '(20.0,20.0)'),
(5, '(30.0,30.0)'),
(7, '(40.0,40.0)'),
(9, '(50.0,50.0)');
UPDATE t1, t2 SET t1.val = '(100.0,100.0)' WHERE t1.id = t2.id;
SELECT * FROM t1 ORDER BY id;
id	val
1	(100,100)
2	(0,0)
3	(100,100)
4	(0,0)
5	(100,100)
6	(0,0)
7	(100,100)
8	(0,0)
9	(100,100)
10	(0,0)
UPDATE t1, t2 SET t1.val = '(200.0,200.0)', t2.modifier = '(300.0,300.0)' WHERE t1.id = t2.id AND t1.id IN (1, 3);
SELECT * FROM t1 ORDER BY id;
id	val
1	(200,200)
2	(0,0)
3	(200,200)
4	(0,0)
5	(100,100)
6	(0,0)
7	(100,100)
8	(0,0)
9	(100,100)
10	(0,0)
SELECT * FROM t2 ORDER BY id;
id	modifier
1	(300,300)
3	(300,300)
5	(30,30)
7	(40,40)
9	(50,50)
UPDATE t1 JOIN t2 ON t1.id = t2.id SET t1.val = '(500.0,500.0)' WHERE t1.id >= 5;
SELECT * FROM t1 ORDER BY id;
id	val
1	(200,200)
2	(0,0)
3	(200,200)
4	(0,0)
5	(500,500)
6	(0,0)
7	(500,500)
8	(0,0)
9	(500,500)
10	(0,0)
DROP TABLE t1;
DROP TABLE t2;
