SELECT * FROM (VALUES ROW(VSQL_COMPLEX.COMPLEX_FROM_STRING('(1.0,2.0)')), ROW(VSQL_COMPLEX.COMPLEX_FROM_STRING('(3.0,4.0)'))) AS derived_table(val);
val
(1,2)
(3,4)
SELECT * FROM (VALUES ROW(VSQL_COMPLEX.COMPLEX_FROM_STRING('(1.0,2.0)')), ROW(VSQL_COMPLEX.COMPLEX_FROM_STRING('(3.0,4.0)'))) AS derived_table(val) WHERE val = '(1.0,2.0)';
val
(1,2)
SELECT * FROM (
VALUES
ROW(VSQL_COMPLEX.COMPLEX_FROM_STRING('(1.0,2.0)')),
ROW(VSQL_COMPLEX.COMPLEX_FROM_STRING('(0,0)')),
ROW(VSQL_COMPLEX.COMPLEX_FROM_STRING('(-0,0)')),
ROW(VSQL_COMPLEX.COMPLEX_FROM_STRING('(3.0,4.0)')),
ROW(VSQL_COMPLEX.COMPLEX_FROM_STRING('(0,-0)')),
ROW(VSQL_COMPLEX.COMPLEX_FROM_STRING('(-0,-0)')),
ROW(VSQL_COMPLEX.COMPLEX_FROM_STRING('(5.0,6.0)'))
) AS derived_table(val)
UNION
SELECT * FROM (
VALUES
ROW(VSQL_COMPLEX.COMPLEX_FROM_STRING('(0,0)')),
ROW(VSQL_COMPLEX.COMPLEX_FROM_STRING('(1.0,2.0)'))
) AS derived_table2(val);
val
(1,2)
(0,0)
(3,4)
(5,6)
