CREATE TEMPORARY TABLE temp1 (
id INT PRIMARY KEY,
value COMPLEX
);
CREATE TEMPORARY TABLE temp2 (
id INT PRIMARY KEY,
data COMPLEX
);
INSERT INTO temp1 VALUES (1, '(1.0,2.0)');
INSERT INTO temp2 VALUES (1, '(3.0,4.0)');
SELECT * FROM temp1;
id	value
1	(1,2)
SELECT * FROM temp2;
id	data
1	(3,4)
DROP TEMPORARY TABLES temp1, temp2;
SELECT * FROM temp1;
ERROR 42S02: Table 'test.temp1' doesn't exist
SELECT * FROM temp2;
ERROR 42S02: Table 'test.temp2' doesn't exist
include/rpl/deprecated/show_binlog_events.inc
