CREATE TABLE t1 (
id INT PRIMARY KEY,
complex_value COMPLEX UNIQUE
);
SHOW COLUMNS FROM t1;
Field	Type	Null	Key	Default	Extra
id	int	NO	PRI	NULL	
complex_value	vsql_complex.COMPLEX	YES	UNI	NULL	
INSERT INTO t1 VALUES (1, '(1.0,2.0)');
INSERT INTO t1 VALUES (2, '(3.0,4.0)');
SELECT * FROM t1;
id	complex_value
1	(1,2)
2	(3,4)
INSERT INTO t1 VALUES (3, '(1.0,2.0)');
ERROR 23000: Duplicate entry '(1,2)' for key 't1.complex_value'
DROP TABLE t1;
CREATE TABLE t2 (
id INT PRIMARY KEY,
complex_value COMPLEX,
UNIQUE KEY uk_complex (complex_value)
);
SHOW COLUMNS FROM t2;
Field	Type	Null	Key	Default	Extra
id	int	NO	PRI	NULL	
complex_value	vsql_complex.COMPLEX	YES	UNI	NULL	
INSERT INTO t2 VALUES (1, '(5.0,6.0)');
INSERT INTO t2 VALUES (2, '(7.0,8.0)');
SELECT * FROM t2;
id	complex_value
1	(5,6)
2	(7,8)
DROP TABLE t2;
include/rpl/deprecated/show_binlog_events.inc
Log_name	Pos	Event_type	Server_id	End_log_pos	Info
#	#	Query	#	#	use `test`; CREATE TABLE `t1` (
  `id` int NOT NULL,
  `complex_value` vsql_complex.COMPLEX DEFAULT NULL,
  PRIMARY KEY (`id`),
  UNIQUE KEY `complex_value` (`complex_value`)
)
#	#	Query	#	#	BEGIN
#	#	Table_map	#	#	table_id: # (test.t1)
#	#	Write_rows	#	#	table_id: # flags: STMT_END_F
#	#	Xid	#	#	COMMIT /* XID */
#	#	Query	#	#	BEGIN
#	#	Table_map	#	#	table_id: # (test.t1)
#	#	Write_rows	#	#	table_id: # flags: STMT_END_F
#	#	Xid	#	#	COMMIT /* XID */
#	#	Query	#	#	use `test`; DROP TABLE `t1` /* generated by server */
#	#	Query	#	#	use `test`; CREATE TABLE `t2` (
  `id` int NOT NULL,
  `complex_value` vsql_complex.COMPLEX DEFAULT NULL,
  PRIMARY KEY (`id`),
  UNIQUE KEY `uk_complex` (`complex_value`)
)
#	#	Query	#	#	BEGIN
#	#	Table_map	#	#	table_id: # (test.t2)
#	#	Write_rows	#	#	table_id: # flags: STMT_END_F
#	#	Xid	#	#	COMMIT /* XID */
#	#	Query	#	#	BEGIN
#	#	Table_map	#	#	table_id: # (test.t2)
#	#	Write_rows	#	#	table_id: # flags: STMT_END_F
#	#	Xid	#	#	COMMIT /* XID */
#	#	Query	#	#	use `test`; DROP TABLE `t2` /* generated by server */
