CREATE TABLE existing_data (
id INT PRIMARY KEY,
impedance COMPLEX,
phase_angle DOUBLE
);
INSERT INTO existing_data VALUES (1, '(33.0,34.0)', 45.0);
INSERT INTO existing_data VALUES (2, '(35.0,36.0)', 90.0);
CREATE TABLE IF NOT EXISTS analysis_results AS
SELECT id, impedance, phase_angle
FROM existing_data;
SHOW COLUMNS FROM analysis_results;
Field	Type	Null	Key	Default	Extra
id	int	NO		NULL	
impedance	vsql_complex.COMPLEX	YES		NULL	
phase_angle	double	YES		NULL	
SELECT * FROM analysis_results;
id	impedance	phase_angle
1	(33,34)	45
2	(35,36)	90
CREATE TABLE IF NOT EXISTS analysis_results AS
SELECT id * 2 as id, impedance, phase_angle
FROM existing_data;
Warnings:
Note	1050	Table 'analysis_results' already exists
SHOW COLUMNS FROM analysis_results;
Field	Type	Null	Key	Default	Extra
id	int	NO		NULL	
impedance	vsql_complex.COMPLEX	YES		NULL	
phase_angle	double	YES		NULL	
SELECT * FROM analysis_results;
id	impedance	phase_angle
1	(33,34)	45
2	(35,36)	90
DROP TABLE analysis_results;
DROP TABLE existing_data;
include/rpl/deprecated/show_binlog_events.inc
Log_name	Pos	Event_type	Server_id	End_log_pos	Info
#	#	Query	#	#	use `test`; CREATE TABLE `existing_data` (
  `id` int NOT NULL,
  `impedance` vsql_complex.COMPLEX DEFAULT NULL,
  `phase_angle` double DEFAULT NULL,
  PRIMARY KEY (`id`)
)
#	#	Query	#	#	BEGIN
#	#	Table_map	#	#	table_id: # (test.existing_data)
#	#	Write_rows	#	#	table_id: # flags: STMT_END_F
#	#	Xid	#	#	COMMIT /* XID */
#	#	Query	#	#	BEGIN
#	#	Table_map	#	#	table_id: # (test.existing_data)
#	#	Write_rows	#	#	table_id: # flags: STMT_END_F
#	#	Xid	#	#	COMMIT /* XID */
#	#	Query	#	#	BEGIN
#	#	Query	#	#	use `test`; CREATE TABLE IF NOT EXISTS `analysis_results` (
  `id` int NOT NULL,
  `impedance` vsql_complex.COMPLEX DEFAULT NULL,
  `phase_angle` double DEFAULT NULL
) START TRANSACTION
#	#	Table_map	#	#	table_id: # (test.analysis_results)
#	#	Write_rows	#	#	table_id: # flags: STMT_END_F
#	#	Xid	#	#	COMMIT /* XID */
#	#	Query	#	#	use `test`; DROP TABLE `analysis_results` /* generated by server */
#	#	Query	#	#	use `test`; DROP TABLE `existing_data` /* generated by server */
