CREATE TABLE t1 (
id COMPLEX PRIMARY KEY,
name VARCHAR(50)
);
SHOW COLUMNS FROM t1;
Field	Type	Null	Key	Default	Extra
id	vsql_complex.COMPLEX	NO	PRI	NULL	
name	varchar(50)	YES		NULL	
INSERT INTO t1 VALUES ('(1.0,0.0)', 'test1');
INSERT INTO t1 VALUES ('(0.0,1.0)', 'test2');
SELECT * FROM t1;
id	name
(0,1)	test2
(1,0)	test1
INSERT INTO t1 VALUES ('(1.0,0.0)', 'duplicate');
ERROR 23000: Duplicate entry '(1,0)' for key 't1.PRIMARY'
SELECT * FROM t1;
id	name
(0,1)	test2
(1,0)	test1
DROP TABLE t1;
CREATE TABLE t2 (
complex_id COMPLEX,
name VARCHAR(50),
PRIMARY KEY (complex_id)
);
SHOW COLUMNS FROM t2;
Field	Type	Null	Key	Default	Extra
complex_id	vsql_complex.COMPLEX	NO	PRI	NULL	
name	varchar(50)	YES		NULL	
INSERT INTO t2 VALUES ('(2.0,3.0)', 'explicit_pk');
INSERT INTO t2 VALUES ('(4.0,5.0)', 'another_row');
SELECT * FROM t2;
complex_id	name
(2,3)	explicit_pk
(4,5)	another_row
INSERT INTO t2 VALUES ('(4.0,5.0)', 'duplicate');
ERROR 23000: Duplicate entry '(4,5)' for key 't2.PRIMARY'
SELECT * FROM t2;
complex_id	name
(2,3)	explicit_pk
(4,5)	another_row
DROP TABLE t2;
include/rpl/deprecated/show_binlog_events.inc
Log_name	Pos	Event_type	Server_id	End_log_pos	Info
#	#	Query	#	#	use `test`; CREATE TABLE `t1` (
  `id` vsql_complex.COMPLEX NOT NULL,
  `name` varchar(50) DEFAULT NULL,
  PRIMARY KEY (`id`)
)
#	#	Query	#	#	BEGIN
#	#	Table_map	#	#	table_id: # (test.t1)
#	#	Write_rows	#	#	table_id: # flags: STMT_END_F
#	#	Xid	#	#	COMMIT /* XID */
#	#	Query	#	#	BEGIN
#	#	Table_map	#	#	table_id: # (test.t1)
#	#	Write_rows	#	#	table_id: # flags: STMT_END_F
#	#	Xid	#	#	COMMIT /* XID */
#	#	Query	#	#	use `test`; DROP TABLE `t1` /* generated by server */
#	#	Query	#	#	use `test`; CREATE TABLE `t2` (
  `complex_id` vsql_complex.COMPLEX NOT NULL,
  `name` varchar(50) DEFAULT NULL,
  PRIMARY KEY (`complex_id`)
)
#	#	Query	#	#	BEGIN
#	#	Table_map	#	#	table_id: # (test.t2)
#	#	Write_rows	#	#	table_id: # flags: STMT_END_F
#	#	Xid	#	#	COMMIT /* XID */
#	#	Query	#	#	BEGIN
#	#	Table_map	#	#	table_id: # (test.t2)
#	#	Write_rows	#	#	table_id: # flags: STMT_END_F
#	#	Xid	#	#	COMMIT /* XID */
#	#	Query	#	#	use `test`; DROP TABLE `t2` /* generated by server */
