CREATE TABLE t1 (
id INT PRIMARY KEY,
complex_measurement COMPLEX
) PARTITION BY HASH(id) PARTITIONS 4;
SHOW COLUMNS FROM t1;
Field	Type	Null	Key	Default	Extra
id	int	NO	PRI	NULL	
complex_measurement	vsql_complex.COMPLEX	YES		NULL	
INSERT INTO t1 VALUES (1, '(2.3,4.5)');
INSERT INTO t1 VALUES (12, '(0.0,0.0)');
INSERT INTO t1 VALUES (17, '(7.7,8.9)');
INSERT INTO t1 VALUES (22, '(-0,0)');
INSERT INTO t1 VALUES (3, '(9.7,8.9)');
INSERT INTO t1 VALUES (88, '(10.7,8.9)');
INSERT INTO t1 VALUES (7, '(11.7,8.9)');
INSERT INTO t1 VALUES (876, '(12.7,8.9)');
INSERT INTO t1 VALUES (5, '(13.7,8.9)');
INSERT INTO t1 VALUES (1022, '(-6.7,8.9)');
SELECT * FROM t1 order by id ASC;
id	complex_measurement
1	(2.3,4.5)
3	(9.7,8.9)
5	(13.7,8.9)
7	(11.7,8.9)
12	(0,0)
17	(7.7,8.9)
22	(0,0)
88	(10.7,8.9)
876	(12.7,8.9)
1022	(-6.7,8.9)
SELECT * FROM t1 order by id DESC;
id	complex_measurement
1022	(-6.7,8.9)
876	(12.7,8.9)
88	(10.7,8.9)
22	(0,0)
17	(7.7,8.9)
12	(0,0)
7	(11.7,8.9)
5	(13.7,8.9)
3	(9.7,8.9)
1	(2.3,4.5)
SELECT * FROM t1 order by complex_measurement ASC;
id	complex_measurement
1022	(-6.7,8.9)
12	(0,0)
22	(0,0)
1	(2.3,4.5)
17	(7.7,8.9)
3	(9.7,8.9)
88	(10.7,8.9)
7	(11.7,8.9)
876	(12.7,8.9)
5	(13.7,8.9)
SELECT * FROM t1 order by complex_measurement DESC;
id	complex_measurement
5	(13.7,8.9)
876	(12.7,8.9)
7	(11.7,8.9)
88	(10.7,8.9)
3	(9.7,8.9)
17	(7.7,8.9)
1	(2.3,4.5)
12	(0,0)
22	(0,0)
1022	(-6.7,8.9)
DROP TABLE t1;
include/rpl/deprecated/show_binlog_events.inc
Log_name	Pos	Event_type	Server_id	End_log_pos	Info
#	#	Query	#	#	use `test`; CREATE TABLE `t1` (
  `id` int NOT NULL,
  `complex_measurement` vsql_complex.COMPLEX DEFAULT NULL,
  PRIMARY KEY (`id`)
)
/*!50100 PARTITION BY HASH (`id`)
PARTITIONS 4 */
#	#	Query	#	#	BEGIN
#	#	Table_map	#	#	table_id: # (test.t1)
#	#	Write_rows	#	#	table_id: # flags: STMT_END_F
#	#	Xid	#	#	COMMIT /* XID */
#	#	Query	#	#	BEGIN
#	#	Table_map	#	#	table_id: # (test.t1)
#	#	Write_rows	#	#	table_id: # flags: STMT_END_F
#	#	Xid	#	#	COMMIT /* XID */
#	#	Query	#	#	BEGIN
#	#	Table_map	#	#	table_id: # (test.t1)
#	#	Write_rows	#	#	table_id: # flags: STMT_END_F
#	#	Xid	#	#	COMMIT /* XID */
#	#	Query	#	#	BEGIN
#	#	Table_map	#	#	table_id: # (test.t1)
#	#	Write_rows	#	#	table_id: # flags: STMT_END_F
#	#	Xid	#	#	COMMIT /* XID */
#	#	Query	#	#	BEGIN
#	#	Table_map	#	#	table_id: # (test.t1)
#	#	Write_rows	#	#	table_id: # flags: STMT_END_F
#	#	Xid	#	#	COMMIT /* XID */
#	#	Query	#	#	BEGIN
#	#	Table_map	#	#	table_id: # (test.t1)
#	#	Write_rows	#	#	table_id: # flags: STMT_END_F
#	#	Xid	#	#	COMMIT /* XID */
#	#	Query	#	#	BEGIN
#	#	Table_map	#	#	table_id: # (test.t1)
#	#	Write_rows	#	#	table_id: # flags: STMT_END_F
#	#	Xid	#	#	COMMIT /* XID */
#	#	Query	#	#	BEGIN
#	#	Table_map	#	#	table_id: # (test.t1)
#	#	Write_rows	#	#	table_id: # flags: STMT_END_F
#	#	Xid	#	#	COMMIT /* XID */
#	#	Query	#	#	BEGIN
#	#	Table_map	#	#	table_id: # (test.t1)
#	#	Write_rows	#	#	table_id: # flags: STMT_END_F
#	#	Xid	#	#	COMMIT /* XID */
#	#	Query	#	#	BEGIN
#	#	Table_map	#	#	table_id: # (test.t1)
#	#	Write_rows	#	#	table_id: # flags: STMT_END_F
#	#	Xid	#	#	COMMIT /* XID */
#	#	Query	#	#	use `test`; DROP TABLE `t1` /* generated by server */
