CREATE TABLE source_table (
id INT PRIMARY KEY,
complex_value COMPLEX,
name VARCHAR(50)
);
SHOW COLUMNS FROM source_table;
Field	Type	Null	Key	Default	Extra
id	int	NO	PRI	NULL	
complex_value	vsql_complex.COMPLEX	YES		NULL	
name	varchar(50)	YES		NULL	
INSERT INTO source_table VALUES (1, '(1.0,2.0)', 'original');
CREATE TABLE IF NOT EXISTS t1 LIKE source_table;
SHOW COLUMNS FROM t1;
Field	Type	Null	Key	Default	Extra
id	int	NO	PRI	NULL	
complex_value	vsql_complex.COMPLEX	YES		NULL	
name	varchar(50)	YES		NULL	
INSERT INTO t1 VALUES (1, '(3.0,4.0)', 'copied');
SELECT * FROM t1;
id	complex_value	name
1	(3,4)	copied
CREATE TABLE IF NOT EXISTS t1 LIKE source_table;
Warnings:
Note	1050	Table 't1' already exists
SHOW COLUMNS FROM t1;
Field	Type	Null	Key	Default	Extra
id	int	NO	PRI	NULL	
complex_value	vsql_complex.COMPLEX	YES		NULL	
name	varchar(50)	YES		NULL	
SELECT * FROM t1;
id	complex_value	name
1	(3,4)	copied
DROP TABLE t1;
CREATE TABLE IF NOT EXISTS t2 LIKE source_table;
SHOW COLUMNS FROM t2;
Field	Type	Null	Key	Default	Extra
id	int	NO	PRI	NULL	
complex_value	vsql_complex.COMPLEX	YES		NULL	
name	varchar(50)	YES		NULL	
SELECT * FROM t2;
id	complex_value	name
DROP TABLE t2;
DROP TABLE source_table;
include/rpl/deprecated/show_binlog_events.inc
Log_name	Pos	Event_type	Server_id	End_log_pos	Info
#	#	Query	#	#	use `test`; CREATE TABLE `source_table` (
  `id` int NOT NULL,
  `complex_value` vsql_complex.COMPLEX DEFAULT NULL,
  `name` varchar(50) DEFAULT NULL,
  PRIMARY KEY (`id`)
)
#	#	Query	#	#	BEGIN
#	#	Table_map	#	#	table_id: # (test.source_table)
#	#	Write_rows	#	#	table_id: # flags: STMT_END_F
#	#	Xid	#	#	COMMIT /* XID */
#	#	Query	#	#	use `test`; CREATE TABLE IF NOT EXISTS t1 LIKE source_table
#	#	Query	#	#	BEGIN
#	#	Table_map	#	#	table_id: # (test.t1)
#	#	Write_rows	#	#	table_id: # flags: STMT_END_F
#	#	Xid	#	#	COMMIT /* XID */
#	#	Query	#	#	use `test`; CREATE TABLE IF NOT EXISTS t1 LIKE source_table
#	#	Query	#	#	use `test`; DROP TABLE `t1` /* generated by server */
#	#	Query	#	#	use `test`; CREATE TABLE IF NOT EXISTS t2 LIKE source_table
#	#	Query	#	#	use `test`; DROP TABLE `t2` /* generated by server */
#	#	Query	#	#	use `test`; DROP TABLE `source_table` /* generated by server */
