CREATE TABLE named_constraints_table (
id INT,
code VARCHAR(20),
complex_value COMPLEX,
measurement DOUBLE,
CONSTRAINT pk_named PRIMARY KEY (id),
CONSTRAINT uk_code_named UNIQUE KEY (code),
CONSTRAINT uk_complex UNIQUE KEY (complex_value),
CONSTRAINT chk_complex CHECK (complex_value >= '(0,0)'),
CONSTRAINT chk_measurement_named CHECK (measurement >= 0.0)
);
SHOW COLUMNS FROM named_constraints_table;
Field	Type	Null	Key	Default	Extra
id	int	NO	PRI	NULL	
code	varchar(20)	YES	UNI	NULL	
complex_value	vsql_complex.COMPLEX	YES	UNI	NULL	
measurement	double	YES		NULL	
INSERT INTO named_constraints_table VALUES (1, 'A001', '(53.0,54.0)', 10.5);
INSERT INTO named_constraints_table VALUES (2, 'B002', '(55.0,56.0)', 15.2);
SELECT * FROM named_constraints_table;
id	code	complex_value	measurement
1	A001	(53,54)	10.5
2	B002	(55,56)	15.2
INSERT INTO named_constraints_table VALUES (1, 'C003', '(57.0,58.0)', 12.1);
ERROR 23000: Duplicate entry '1' for key 'named_constraints_table.PRIMARY'
INSERT INTO named_constraints_table VALUES (3, 'A001', '(59.0,60.0)', 8.7);
ERROR 23000: Duplicate entry 'A001' for key 'named_constraints_table.uk_code_named'
INSERT INTO named_constraints_table VALUES (72, 'Z001', '(53.0,54.0)', 90.7);
ERROR 23000: Duplicate entry '(53,54)' for key 'named_constraints_table.uk_complex'
INSERT INTO named_constraints_table VALUES (4, 'D004', '(61.0,62.0)', -5.0);
ERROR HY000: Check constraint 'chk_measurement_named' is violated.
INSERT INTO named_constraints_table VALUES (40, 'E704', '(-0.1,62.0)', 99.9);
ERROR HY000: Check constraint 'chk_complex' is violated.
SELECT * FROM named_constraints_table;
id	code	complex_value	measurement
1	A001	(53,54)	10.5
2	B002	(55,56)	15.2
DROP TABLE named_constraints_table;
include/rpl/deprecated/show_binlog_events.inc
Log_name	Pos	Event_type	Server_id	End_log_pos	Info
#	#	Query	#	#	use `test`; CREATE TABLE `named_constraints_table` (
  `id` int NOT NULL,
  `code` varchar(20) DEFAULT NULL,
  `complex_value` vsql_complex.COMPLEX DEFAULT NULL,
  `measurement` double DEFAULT NULL,
  PRIMARY KEY (`id`),
  UNIQUE KEY `uk_code_named` (`code`),
  UNIQUE KEY `uk_complex` (`complex_value`),
  CONSTRAINT `chk_complex` CHECK ((`complex_value` >= _utf8mb4'(0,0)')),
  CONSTRAINT `chk_measurement_named` CHECK ((`measurement` >= 0.0))
)
#	#	Query	#	#	BEGIN
#	#	Table_map	#	#	table_id: # (test.named_constraints_table)
#	#	Write_rows	#	#	table_id: # flags: STMT_END_F
#	#	Xid	#	#	COMMIT /* XID */
#	#	Query	#	#	BEGIN
#	#	Table_map	#	#	table_id: # (test.named_constraints_table)
#	#	Write_rows	#	#	table_id: # flags: STMT_END_F
#	#	Xid	#	#	COMMIT /* XID */
#	#	Query	#	#	use `test`; DROP TABLE `named_constraints_table` /* generated by server */
