CREATE TABLE source_data (
id INT PRIMARY KEY,
measurement COMPLEX,
name VARCHAR(50)
);
INSERT INTO source_data VALUES (1, '(1.5,2.5)', 'test1');
INSERT INTO source_data VALUES (2, '(3.5,4.5)', 'test2');
CREATE TABLE t1 AS SELECT * FROM source_data;
SHOW COLUMNS FROM t1;
Field	Type	Null	Key	Default	Extra
id	int	NO		NULL	
measurement	vsql_complex.COMPLEX	YES		NULL	
name	varchar(50)	YES		NULL	
INSERT INTO t1 VALUES (3, '(5.5,6.5)', 'test3');
SELECT * FROM t1;
id	measurement	name
1	(1.5,2.5)	test1
2	(3.5,4.5)	test2
3	(5.5,6.5)	test3
DROP TABLE t1;
DROP TABLE source_data;
include/rpl/deprecated/show_binlog_events.inc
Log_name	Pos	Event_type	Server_id	End_log_pos	Info
#	#	Query	#	#	use `test`; CREATE TABLE `source_data` (
  `id` int NOT NULL,
  `measurement` vsql_complex.COMPLEX DEFAULT NULL,
  `name` varchar(50) DEFAULT NULL,
  PRIMARY KEY (`id`)
)
#	#	Query	#	#	BEGIN
#	#	Table_map	#	#	table_id: # (test.source_data)
#	#	Write_rows	#	#	table_id: # flags: STMT_END_F
#	#	Xid	#	#	COMMIT /* XID */
#	#	Query	#	#	BEGIN
#	#	Table_map	#	#	table_id: # (test.source_data)
#	#	Write_rows	#	#	table_id: # flags: STMT_END_F
#	#	Xid	#	#	COMMIT /* XID */
#	#	Query	#	#	BEGIN
#	#	Query	#	#	use `test`; CREATE TABLE `t1` (
  `id` int NOT NULL,
  `measurement` vsql_complex.COMPLEX DEFAULT NULL,
  `name` varchar(50) DEFAULT NULL
) START TRANSACTION
#	#	Table_map	#	#	table_id: # (test.t1)
#	#	Write_rows	#	#	table_id: # flags: STMT_END_F
#	#	Xid	#	#	COMMIT /* XID */
#	#	Query	#	#	BEGIN
#	#	Table_map	#	#	table_id: # (test.t1)
#	#	Write_rows	#	#	table_id: # flags: STMT_END_F
#	#	Xid	#	#	COMMIT /* XID */
#	#	Query	#	#	use `test`; DROP TABLE `t1` /* generated by server */
#	#	Query	#	#	use `test`; DROP TABLE `source_data` /* generated by server */
