CREATE TABLE source_table (
id INT PRIMARY KEY,
measurement COMPLEX,
f FLOAT
);
SELECT * FROM villagesql.custom_columns;
db_name	table_name	column_name	extension_name	extension_version	type_name
test	source_table	measurement	vsql_complex	0.0.1	COMPLEX
INSERT INTO source_table VALUES (1, '(13.0,14.0)', 18.62);
CREATE TABLE IF NOT EXISTS t1 (LIKE source_table);
SELECT * FROM villagesql.custom_columns;
db_name	table_name	column_name	extension_name	extension_version	type_name
test	source_table	measurement	vsql_complex	0.0.1	COMPLEX
test	t1	measurement	vsql_complex	0.0.1	COMPLEX
SHOW CREATE TABLE t1;
Table	Create Table
t1	CREATE TABLE `t1` (
  `id` int NOT NULL,
  `measurement` vsql_complex.COMPLEX DEFAULT NULL,
  `f` float DEFAULT NULL,
  PRIMARY KEY (`id`)
) ENGINE=InnoDB DEFAULT CHARSET=utf8mb4 COLLATE=utf8mb4_0900_ai_ci
INSERT INTO t1 VALUES (2, '(15.0,16.0)', 19.62);
SELECT * FROM t1;
id	measurement	f
2	(15,16)	19.62
CREATE TABLE IF NOT EXISTS t1 (LIKE source_table);
Warnings:
Note	1050	Table 't1' already exists
SELECT * FROM villagesql.custom_columns;
db_name	table_name	column_name	extension_name	extension_version	type_name
test	source_table	measurement	vsql_complex	0.0.1	COMPLEX
test	t1	measurement	vsql_complex	0.0.1	COMPLEX
DROP TABLE t1;
SELECT * FROM villagesql.custom_columns;
db_name	table_name	column_name	extension_name	extension_version	type_name
test	source_table	measurement	vsql_complex	0.0.1	COMPLEX
DROP TABLE source_table;
SELECT * FROM villagesql.custom_columns;
db_name	table_name	column_name	extension_name	extension_version	type_name
include/rpl/deprecated/show_binlog_events.inc
Log_name	Pos	Event_type	Server_id	End_log_pos	Info
#	#	Query	#	#	use `test`; CREATE TABLE `source_table` (
  `id` int NOT NULL,
  `measurement` vsql_complex.COMPLEX DEFAULT NULL,
  `f` float DEFAULT NULL,
  PRIMARY KEY (`id`)
)
#	#	Query	#	#	BEGIN
#	#	Table_map	#	#	table_id: # (test.source_table)
#	#	Write_rows	#	#	table_id: # flags: STMT_END_F
#	#	Xid	#	#	COMMIT /* XID */
#	#	Query	#	#	use `test`; CREATE TABLE IF NOT EXISTS t1 (LIKE source_table)
#	#	Query	#	#	BEGIN
#	#	Table_map	#	#	table_id: # (test.t1)
#	#	Write_rows	#	#	table_id: # flags: STMT_END_F
#	#	Xid	#	#	COMMIT /* XID */
#	#	Query	#	#	use `test`; CREATE TABLE IF NOT EXISTS t1 (LIKE source_table)
#	#	Query	#	#	use `test`; DROP TABLE `t1` /* generated by server */
#	#	Query	#	#	use `test`; DROP TABLE `source_table` /* generated by server */
