CREATE TABLE column_ordering_table (
complex_first COMPLEX,
id INT PRIMARY KEY,
name VARCHAR(50),
complex_middle COMPLEX,
score DOUBLE,
complex_last COMPLEX
);
SHOW COLUMNS FROM column_ordering_table;
Field	Type	Null	Key	Default	Extra
complex_first	vsql_complex.COMPLEX	YES		NULL	
id	int	NO	PRI	NULL	
name	varchar(50)	YES		NULL	
complex_middle	vsql_complex.COMPLEX	YES		NULL	
score	double	YES		NULL	
complex_last	vsql_complex.COMPLEX	YES		NULL	
INSERT INTO column_ordering_table VALUES
('(95.0,96.0)', 1, 'first test', '(97.0,98.0)', 85.5, '(99.0,100.0)');
SELECT * FROM column_ordering_table;
complex_first	id	name	complex_middle	score	complex_last
(95,96)	1	first test	(97,98)	85.5	(99,100)
SELECT complex_first, complex_middle, complex_last FROM column_ordering_table;
complex_first	complex_middle	complex_last
(95,96)	(97,98)	(99,100)
DROP TABLE column_ordering_table;
include/rpl/deprecated/show_binlog_events.inc
Log_name	Pos	Event_type	Server_id	End_log_pos	Info
#	#	Query	#	#	use `test`; CREATE TABLE `column_ordering_table` (
  `complex_first` vsql_complex.COMPLEX DEFAULT NULL,
  `id` int NOT NULL,
  `name` varchar(50) DEFAULT NULL,
  `complex_middle` vsql_complex.COMPLEX DEFAULT NULL,
  `score` double DEFAULT NULL,
  `complex_last` vsql_complex.COMPLEX DEFAULT NULL,
  PRIMARY KEY (`id`)
)
#	#	Query	#	#	BEGIN
#	#	Table_map	#	#	table_id: # (test.column_ordering_table)
#	#	Write_rows	#	#	table_id: # flags: STMT_END_F
#	#	Xid	#	#	COMMIT /* XID */
#	#	Query	#	#	use `test`; DROP TABLE `column_ordering_table` /* generated by server */
