CREATE TABLE t1 (
id INT PRIMARY KEY,
required_complex COMPLEX NOT NULL,
optional_complex COMPLEX NULL
);
SHOW COLUMNS FROM t1;
Field	Type	Null	Key	Default	Extra
id	int	NO	PRI	NULL	
required_complex	vsql_complex.COMPLEX	NO		NULL	
optional_complex	vsql_complex.COMPLEX	YES		NULL	
INSERT INTO t1 VALUES (1, '(1.0,2.0)', '(3.0,4.0)');
INSERT INTO t1 VALUES (2, '(5.0,6.0)', NULL);
SELECT * FROM t1;
id	required_complex	optional_complex
1	(1,2)	(3,4)
2	(5,6)	NULL
INSERT INTO t1 VALUES (3, NULL, '(7.0,8.0)');
ERROR 23000: Column 'required_complex' cannot be null
SELECT * FROM t1;
id	required_complex	optional_complex
1	(1,2)	(3,4)
2	(5,6)	NULL
DROP TABLE t1;
include/rpl/deprecated/show_binlog_events.inc
Log_name	Pos	Event_type	Server_id	End_log_pos	Info
#	#	Query	#	#	use `test`; CREATE TABLE `t1` (
  `id` int NOT NULL,
  `required_complex` vsql_complex.COMPLEX NOT NULL,
  `optional_complex` vsql_complex.COMPLEX DEFAULT NULL,
  PRIMARY KEY (`id`)
)
#	#	Query	#	#	BEGIN
#	#	Table_map	#	#	table_id: # (test.t1)
#	#	Write_rows	#	#	table_id: # flags: STMT_END_F
#	#	Xid	#	#	COMMIT /* XID */
#	#	Query	#	#	BEGIN
#	#	Table_map	#	#	table_id: # (test.t1)
#	#	Write_rows	#	#	table_id: # flags: STMT_END_F
#	#	Xid	#	#	COMMIT /* XID */
#	#	Query	#	#	use `test`; DROP TABLE `t1` /* generated by server */
