CREATE TABLE t1 (
id INT PRIMARY KEY,
val COMPLEX
);
INSERT INTO t1 VALUES
(1, '(1.0,2.0)'),
(2, '(0,0)'),
(3, '(-3.5,4.5)'),
(4, '(-0,0)'),
(5, '(5.0,-6.0)'),
(6, '(0,-0)'),
(7, '(-7.5,-8.5)'),
(8, '(-0,-0)'),
(9, '(9.0,10.0)'),
(10, '(0,0)');
SELECT * FROM t1 ORDER BY id;
id	val
1	(1,2)
2	(0,0)
3	(-3.5,4.5)
4	(0,0)
5	(5,-6)
6	(0,0)
7	(-7.5,-8.5)
8	(0,0)
9	(9,10)
10	(0,0)
REPLACE INTO t1 SET id = 1, val = '(100.0,100.0)';
REPLACE INTO t1 SET val = '(200.0,200.0)', id = 2;
SELECT * FROM t1 ORDER BY id;
id	val
1	(100,100)
2	(200,200)
3	(-3.5,4.5)
4	(0,0)
5	(5,-6)
6	(0,0)
7	(-7.5,-8.5)
8	(0,0)
9	(9,10)
10	(0,0)
REPLACE INTO t1 SET id = 5, val = '(500.0,500.0)';
REPLACE INTO t1 SET val = '(1100.0,1100.0)', id = 11;
REPLACE INTO t1 SET id = 7, val = '(700.0,700.0)';
SELECT * FROM t1 ORDER BY id;
id	val
1	(100,100)
2	(200,200)
3	(-3.5,4.5)
4	(0,0)
5	(500,500)
6	(0,0)
7	(700,700)
8	(0,0)
9	(9,10)
10	(0,0)
11	(1100,1100)
REPLACE INTO t1 SET id = 6, val = '(600.0,600.0)';
REPLACE INTO t1 SET id = 8, val = '(800.0,800.0)';
REPLACE INTO t1 SET id = 10, val = '(1000.0,1000.0)';
SELECT * FROM t1 ORDER BY id;
id	val
1	(100,100)
2	(200,200)
3	(-3.5,4.5)
4	(0,0)
5	(500,500)
6	(600,600)
7	(700,700)
8	(800,800)
9	(9,10)
10	(1000,1000)
11	(1100,1100)
DROP TABLE t1;
