CREATE TABLE t1 (
id INT PRIMARY KEY,
val COMPLEX
);
INSERT INTO t1 VALUES
(1, '(1.0,2.0)'),
(2, '(0,0)'),
(3, '(-3.5,4.5)'),
(4, '(-0,0)'),
(5, '(5.0,-6.0)'),
(6, '(0,-0)'),
(7, '(-7.5,-8.5)'),
(8, '(-0,-0)'),
(9, '(9.0,10.0)'),
(10, '(0,0)');
SELECT * FROM t1 ORDER BY id;
id	val
1	(1,2)
2	(0,0)
3	(-3.5,4.5)
4	(0,0)
5	(5,-6)
6	(0,0)
7	(-7.5,-8.5)
8	(0,0)
9	(9,10)
10	(0,0)
REPLACE INTO t1 VALUES
(1, '(100.0,100.0)'),
(2, '(200.0,200.0)'),
(3, '(300.0,300.0)');
SELECT * FROM t1 ORDER BY id;
id	val
1	(100,100)
2	(200,200)
3	(300,300)
4	(0,0)
5	(5,-6)
6	(0,0)
7	(-7.5,-8.5)
8	(0,0)
9	(9,10)
10	(0,0)
REPLACE INTO t1 VALUES
(5, '(500.0,500.0)'),
(11, '(1100.0,1100.0)'),
(7, '(700.0,700.0)'),
(12, '(1200.0,1200.0)');
SELECT * FROM t1 ORDER BY id;
id	val
1	(100,100)
2	(200,200)
3	(300,300)
4	(0,0)
5	(500,500)
6	(0,0)
7	(700,700)
8	(0,0)
9	(9,10)
10	(0,0)
11	(1100,1100)
12	(1200,1200)
DROP TABLE t1;
