CREATE TABLE t1 (
id INT PRIMARY KEY,
val COMPLEX
);
INSERT INTO t1 VALUES
(1, '(1.0,2.0)'),
(2, '(0,0)'),
(3, '(-3.5,4.5)'),
(4, '(-0,0)'),
(5, '(5.0,-6.0)'),
(6, '(0,-0)'),
(7, '(-7.5,-8.5)'),
(8, '(-0,-0)'),
(9, '(9.0,10.0)'),
(10, '(0,0)');
SELECT * FROM t1 ORDER BY id;
id	val
1	(1,2)
2	(0,0)
3	(-3.5,4.5)
4	(0,0)
5	(5,-6)
6	(0,0)
7	(-7.5,-8.5)
8	(0,0)
9	(9,10)
10	(0,0)
REPLACE INTO t1 VALUES (1, '(100.0,200.0)');
REPLACE INTO t1 VALUES (2, '(200.0,300.0)');
SELECT * FROM t1 ORDER BY id;
id	val
1	(100,200)
2	(200,300)
3	(-3.5,4.5)
4	(0,0)
5	(5,-6)
6	(0,0)
7	(-7.5,-8.5)
8	(0,0)
9	(9,10)
10	(0,0)
REPLACE INTO t1 VALUES (3, '(300.0,400.0)'), (4, '(400.0,500.0)');
SELECT * FROM t1 ORDER BY id;
id	val
1	(100,200)
2	(200,300)
3	(300,400)
4	(400,500)
5	(5,-6)
6	(0,0)
7	(-7.5,-8.5)
8	(0,0)
9	(9,10)
10	(0,0)
REPLACE INTO t1 VALUES (11, '(11.0,11.0)');
REPLACE INTO t1 VALUES (12, '(12.0,12.0)'), (13, '(13.0,13.0)');
SELECT * FROM t1 ORDER BY id;
id	val
1	(100,200)
2	(200,300)
3	(300,400)
4	(400,500)
5	(5,-6)
6	(0,0)
7	(-7.5,-8.5)
8	(0,0)
9	(9,10)
10	(0,0)
11	(11,11)
12	(12,12)
13	(13,13)
REPLACE INTO t1 VALUES (6, '(600.0,600.0)'), (8, '(800.0,800.0)'), (10, '(1000.0,1000.0)');
SELECT * FROM t1 ORDER BY id;
id	val
1	(100,200)
2	(200,300)
3	(300,400)
4	(400,500)
5	(5,-6)
6	(600,600)
7	(-7.5,-8.5)
8	(800,800)
9	(9,10)
10	(1000,1000)
11	(11,11)
12	(12,12)
13	(13,13)
DROP TABLE t1;
