CREATE TABLE t1 (
id INT PRIMARY KEY,
val COMPLEX
);
INSERT INTO t1 VALUES
(1, '(1.0,2.0)'),
(2, '(0,0)'),
(3, '(-3.5,4.5)'),
(4, '(-0,0)'),
(5, '(5.0,-6.0)'),
(6, '(0,-0)'),
(7, '(-7.5,-8.5)'),
(8, '(-0,-0)'),
(9, '(9.0,10.0)'),
(10, '(0,0)');
SELECT * FROM t1 ORDER BY id;
id	val
1	(1,2)
2	(0,0)
3	(-3.5,4.5)
4	(0,0)
5	(5,-6)
6	(0,0)
7	(-7.5,-8.5)
8	(0,0)
9	(9,10)
10	(0,0)
REPLACE LOW_PRIORITY INTO t1 VALUES (1, '(11.0,12.0)');
REPLACE LOW_PRIORITY INTO t1 VALUES (2, '(13.0,14.0)');
SELECT * FROM t1 ORDER BY id;
id	val
1	(11,12)
2	(13,14)
3	(-3.5,4.5)
4	(0,0)
5	(5,-6)
6	(0,0)
7	(-7.5,-8.5)
8	(0,0)
9	(9,10)
10	(0,0)
REPLACE LOW_PRIORITY INTO t1 VALUES
(3, '(15.0,16.0)'),
(11, '(17.0,18.0)'),
(5, '(19.0,20.0)');
SELECT * FROM t1 ORDER BY id;
id	val
1	(11,12)
2	(13,14)
3	(15,16)
4	(0,0)
5	(19,20)
6	(0,0)
7	(-7.5,-8.5)
8	(0,0)
9	(9,10)
10	(0,0)
11	(17,18)
REPLACE LOW_PRIORITY INTO t1 VALUES (6, '(21.0,22.0)'), (8, '(23.0,24.0)');
SELECT * FROM t1 ORDER BY id;
id	val
1	(11,12)
2	(13,14)
3	(15,16)
4	(0,0)
5	(19,20)
6	(21,22)
7	(-7.5,-8.5)
8	(23,24)
9	(9,10)
10	(0,0)
11	(17,18)
DROP TABLE t1;
