CREATE TABLE t1 (id INT, val COMPLEX);
INSERT INTO t1 VALUES
(1, '(1.0,2.0)'),
(2, '(3.0,4.0)'),
(3, '(5.0,6.0)'),
(4, '(-1.0,0.0)'),    # negative values
(5, '(0.0,0.0)'),     # zero
(6, '(2.5,3.5)'),     # decimal values
(7, '(100.0,200.0)'), # large values
(8, '(1.0,1.99)');
SELECT val FROM t1 ORDER BY val ASC LIMIT 1;
val
(-1,0)
SELECT val FROM t1 ORDER BY val ASC LIMIT 2;
val
(-1,0)
(0,0)
SELECT val FROM t1 ORDER BY val ASC LIMIT 3 OFFSET 1;
val
(0,0)
(1,1.99)
(1,2)
SELECT val FROM t1 ORDER BY val ASC LIMIT 2 OFFSET 2;
val
(1,1.99)
(1,2)
SELECT id, val FROM t1 ORDER BY id LIMIT 3;
id	val
1	(1,2)
2	(3,4)
3	(5,6)
SELECT id, val FROM t1 ORDER BY val ASC, id ASC LIMIT 4;
id	val
4	(-1,0)
5	(0,0)
8	(1,1.99)
1	(1,2)
DROP TABLE t1;
