CREATE TABLE t1 (id INT PRIMARY KEY, val COMPLEX);
INSERT INTO t1 VALUES
(1, '(0.0,0.0)'),           # Zero
(2, '(1.0,2.0)'),           # Regular positive
(3, '(3.0,4.0)'),           # Medium positive
(4, '(-1.0,-2.0)'),         # Negative both parts
(5, '(-5.0,3.0)'),          # Negative real, positive imaginary
(6, '(2.0,-7.0)'),          # Positive real, negative imaginary
(7, '(3.0,1.0)'),           # Same real as id=3, different imaginary
(8, '(3.0,9.0)'),           # Same real as id=3, different imaginary
(9, '(1.5e100,2.3e100)'),   # Very large positive
(10, '(-1.5e100,-2.3e100)'), # Very large negative
(11, '(4.22e-10,3.14e-15)'), # Very small positive
(12, '(-1.17e-9,-8.88e-12)');
SELECT id FROM t1 WHERE val = '(3.0,4.0)';
id
3
SELECT id FROM t1 WHERE val = '(0.0,0.0)';
id
1
SELECT id FROM t1 WHERE val = '(-1.0,-2.0)';
id
4
SELECT id FROM t1 WHERE val != '(3.0,4.0)' ORDER BY id;
id
1
2
4
5
6
7
8
9
10
11
12
SELECT id FROM t1 WHERE val < '(3.0,4.0)' ORDER BY id;
id
1
2
4
5
6
7
10
11
12
SELECT id FROM t1 WHERE val < '(0.0,0.0)' ORDER BY id;
id
4
5
10
12
SELECT id FROM t1 WHERE val > '(1.0,2.0)' ORDER BY id;
id
3
6
7
8
9
SELECT id FROM t1 WHERE val > '(0.0,0.0)' ORDER BY id;
id
2
3
6
7
8
9
11
SELECT id FROM t1 WHERE val <= '(3.0,4.0)' ORDER BY id;
id
1
2
3
4
5
6
7
10
11
12
SELECT id FROM t1 WHERE val >= '(3.0,4.0)' ORDER BY id;
id
3
8
9
SELECT id FROM t1 WHERE val BETWEEN '(0.0,0.0)' AND '(3.0,5.0)' ORDER BY id;
id
1
2
3
6
7
11
SELECT id FROM t1 WHERE val > '(3.0,0.0)' ORDER BY id;
id
3
7
8
9
SELECT id FROM t1 WHERE val < '(3.0,5.0)' ORDER BY id;
id
1
2
3
4
5
6
7
10
11
12
INSERT INTO t1 VALUES (13, NULL);
SELECT id FROM t1 WHERE val IS NULL;
id
13
SELECT id FROM t1 WHERE val IS NOT NULL ORDER BY id;
id
1
2
3
4
5
6
7
8
9
10
11
12
SELECT id FROM t1 WHERE val = NULL;
id
DROP TABLE t1;
