CREATE TABLE t1 (val COMPLEX);
INSERT INTO t1 VALUES ('(1.0,2.0)'), ('(3.0,4.0)');
(SELECT val FROM t1) ORDER BY val DESC;
val
(3,4)
(1,2)
(SELECT val FROM t1) UNION (SELECT val FROM t1) ORDER BY val;
val
(1,2)
(3,4)
(SELECT val FROM t1) UNION ALL (SELECT val FROM t1) ORDER BY val DESC;
val
(3,4)
(3,4)
(1,2)
(1,2)
DROP TABLE t1;
