CREATE TABLE t1 (id INT, val1 COMPLEX);
CREATE TABLE t2 (id INT, val2 COMPLEX2 INVISIBLE);
INSERT INTO t1 VALUES (1, '(1.0,2.0)'), (2, '(3.0,4.0)');
SELECT * FROM t1, t2 WHERE t1.val1 = t2.val2;
ERROR HY000: Cannot compare values of incompatible types 'COMPLEX' and 'COMPLEX2'
DROP TABLE t1;
DROP TABLE t2;
CREATE TABLE t1 (id INT, val1 COMPLEX);
CREATE TABLE t2 (id INT, val2 COMPLEX INVISIBLE);
INSERT INTO t1 VALUES (1, '(1.0,2.0)'), (2, '(3.0,4.0)');
INSERT INTO t2 (id, val2) VALUES (1, '(1.0,2.0)'), (2, '(5.0,6.0)');
SELECT * FROM t1, t2 WHERE t1.val1 = t2.val2;
id	val1	id
1	(1,2)	1
DROP TABLE t1;
DROP TABLE t2;
