CREATE TABLE t1 (id INT, val1 COMPLEX INVISIBLE, val2 COMPLEX2);
INSERT INTO t1 (id, val1) VALUES (1, '(1.0,2.0)'), (2, '(3.0,4.0)');
SELECT id, (val1 = val2) AS are_equal FROM t1;
ERROR HY000: Cannot compare values of incompatible types 'COMPLEX' and 'COMPLEX2'
DROP TABLE t1;
CREATE TABLE t2 (id INT, val1 COMPLEX INVISIBLE, val2 COMPLEX2 INVISIBLE);
INSERT INTO t2 (id, val1) VALUES (1, '(1.0,2.0)'), (2, '(3.0,4.0)');
SELECT id, (val1 = val2) AS are_equal FROM t2;
ERROR HY000: Cannot compare values of incompatible types 'COMPLEX' and 'COMPLEX2'
DROP TABLE t2;
CREATE TABLE t3 (val1 COMPLEX INVISIBLE, val2 COMPLEX INVISIBLE);
ERROR HY000: A table must have at least one visible column.
CREATE TABLE t4 (id INT, val1 COMPLEX, val2 COMPLEX);
INSERT INTO t4 (id, val1, val2) VALUES (1, '(1.0,2.0)', '(3.0,4.0)');
SELECT id, val1, val2, id+1 AS id_plus_1, id+2 AS id_plus_2, id+3 AS id_plus_3, id+4 AS id_plus_4 FROM t4;
id	val1	val2	id_plus_1	id_plus_2	id_plus_3	id_plus_4
1	(1,2)	(3,4)	2	3	4	5
DROP TABLE t4;
