CREATE TABLE t1 (val COMPLEX);
INSERT INTO t1 VALUES ('(1.0,2.0)'), ('(-0.0,-0)'), ('(0.0,-0.0)'), ('(1.0,2.0)'), ('(-0,0)'), ('(3.0,4.0)'), ('(0.0,0.0)');
SELECT DISTINCT val FROM t1 ORDER BY val;
val
(0,0)
(1,2)
(3,4)
SELECT val FROM t1 ORDER BY val;
val
(0,0)
(0,0)
(0,0)
(0,0)
(1,2)
(1,2)
(3,4)
DROP TABLE t1;
