CREATE TABLE t1 (val COMPLEX2);
INSERT INTO t1 VALUES ('(1.0,2.0)'), ('(-0.0,-0)'), ('(0.0,-0.0)'), ('(1.0,2.0)'), ('(-0,0)'), ('(3.0,4.0)'), ('(0.0,0.0)');
CREATE TABLE t2 (val COMPLEX2);
INSERT INTO t2 VALUES ('(3.0,4.0)'), ('(3.0,4.0)');
CREATE TABLE t3 (val COMPLEX2);
INSERT INTO t3 VALUES ('(3.0,4.0)'), ('(-0,-0)'), ('(-0,-0)');
SELECT val FROM t1;
val
(1,2)
(-0,-0)
(0,-0)
(1,2)
(-0,0)
(3,4)
(0,0)
SELECT val FROM t1 EXCEPT ALL SELECT val FROM t2;
val
(1,2)
(1,2)
(-0,-0)
(-0,-0)
(-0,-0)
(-0,-0)
SELECT val FROM t1 EXCEPT ALL SELECT val FROM t3 ORDER BY val DESC;
val
(1,2)
(1,2)
(-0,-0)
(-0,-0)
SELECT val FROM t2 EXCEPT ALL SELECT val FROM t1;
val
(3,4)
SELECT val FROM t2 EXCEPT ALL SELECT val FROM t3;
val
(3,4)
SELECT val FROM t3 EXCEPT ALL SELECT val FROM t1;
val
SELECT val FROM t3 EXCEPT ALL SELECT val FROM t2;
val
(-0,-0)
(-0,-0)
SELECT val FROM t1 EXCEPT ALL SELECT val FROM t2 EXCEPT ALL SELECT val from t3 ORDER BY val;
val
(-0,-0)
(-0,-0)
(1,2)
(1,2)
DROP TABLE t1;
DROP TABLE t2;
DROP TABLE t3;
