CREATE TABLE t1 (val COMPLEX);
INSERT INTO t1 VALUES ('(1.0,2.0)');
WITH cte AS (
SELECT val FROM t1
)
SELECT * FROM cte;
val
(1,2)
DROP TABLE t1;
