CREATE TABLE t1 (val COMPLEX);
INSERT INTO t1 VALUES ('(1.0778787,2.71828)'), ('(3.0,4.0)');
SELECT * FROM t1;
val
(1.07788,2.71828)
(3,4)
SELECT val FROM t1;
val
(1.07788,2.71828)
(3,4)
DROP TABLE t1;
