CREATE TABLE t_shadow (
id INT PRIMARY KEY,
val COMPLEX,
perm_data VARCHAR(50)
);
INSERT INTO t_shadow VALUES (1, '(10.0,10.0)', 'permanent');
SELECT COLUMN_NAME, DATA_TYPE
FROM INFORMATION_SCHEMA.COLUMNS
WHERE TABLE_SCHEMA='test' AND TABLE_NAME='t_shadow'
ORDER BY ORDINAL_POSITION;
COLUMN_NAME	DATA_TYPE
id	int
val	vsql_complex.COMPLEX
perm_data	varchar
SELECT * FROM t_shadow;
id	val	perm_data
1	(10,10)	permanent
CREATE TEMPORARY TABLE t_shadow (
id INT PRIMARY KEY,
val COMPLEX,
temp_data VARCHAR(50)
);
INSERT INTO t_shadow VALUES (99, '(20.0,20.0)', 'temporary');
SELECT * FROM t_shadow;
id	val	temp_data
99	(20,20)	temporary
SHOW COLUMNS FROM t_shadow;
Field	Type	Null	Key	Default	Extra
id	int	NO	PRI	NULL	NULL
val	vsql_complex.COMPLEX	YES		NULL	NULL
temp_data	varchar(50)	YES		NULL	NULL
INSERT INTO t_shadow VALUES (100, '(30.0,30.0)', 'temp_data_2');
SELECT * FROM t_shadow ORDER BY id;
id	val	temp_data
99	(20,20)	temporary
100	(30,30)	temp_data_2
DROP TABLE t_shadow;
SELECT * FROM t_shadow;
id	val	perm_data
1	(10,10)	permanent
SELECT COLUMN_NAME, DATA_TYPE
FROM INFORMATION_SCHEMA.COLUMNS
WHERE TABLE_SCHEMA='test' AND TABLE_NAME='t_shadow'
ORDER BY ORDINAL_POSITION;
COLUMN_NAME	DATA_TYPE
id	int
val	vsql_complex.COMPLEX
perm_data	varchar
SELECT * FROM t_shadow;
id	val	perm_data
1	(10,10)	permanent
DROP TABLE t_shadow;
SELECT COLUMN_NAME, DATA_TYPE
FROM INFORMATION_SCHEMA.COLUMNS
WHERE TABLE_SCHEMA='test' AND TABLE_NAME='t_shadow';
COLUMN_NAME	DATA_TYPE
