# restart: --veb-dir=MYSQLTEST_VARDIR/veb
CREATE TABLE test_restart (id INT, c COMPLEX);
INSERT INTO test_restart VALUES (1, '(1.5,2.5)');
INSERT INTO test_restart VALUES (2, '(3.0,4.0)');
SELECT id, c FROM test_restart ORDER BY id;
id	c
1	(1.5,2.5)
2	(3,4)
# restart: --veb-dir=MYSQLTEST_VARDIR/veb
SELECT id, c FROM test_restart ORDER BY id;
id	c
1	(1.5,2.5)
2	(3,4)
INSERT INTO test_restart VALUES (3, '(5.5,6.5)');
SELECT id, c FROM test_restart ORDER BY id;
id	c
1	(1.5,2.5)
2	(3,4)
3	(5.5,6.5)
DROP TABLE test_restart;
