CREATE TABLE t_source (
id INT PRIMARY KEY,
val COMPLEX
);
INSERT INTO t_source VALUES
(1, '(15.0,20.0)'),
(2, '(-0,0)'),
(3, '(-7.5,-8.5)'),
(4, '(0,0)'),
(5, '(22.0,-13.0)'),
(6, '(0,-0)'),
(7, '(-18.0,9.0)'),
(8, '(3.5,4.2)'),
(9, '(-0,-0)'),
(10, '(11.5,-12.5)'),
(11, '(0,0)'),
(12, '(-25.0,-30.0)'),
(13, '(19.0,21.0)'),
(14, '(-0,0)'),
(15, '(7.0,-5.0)'),
(16, '(-14.0,16.0)'),
(17, '(0,-0)'),
(18, '(26.0,28.0)'),
(19, '(-9.5,11.5)'),
(20, '(-0,-0)'),
(21, '(33.0,-35.0)'),
(22, '(0,0)'),
(23, '(-22.0,24.0)'),
(24, '(17.5,19.5)'),
(25, '(0,-0)'),
(26, '(-31.0,-32.0)'),
(27, '(29.0,30.0)'),
(28, '(-0,0)'),
(29, '(12.0,-14.0)'),
(30, '(-27.0,28.0)'),
(31, '(0,0)'),
(32, '(34.0,-36.0)'),
(33, '(-0,-0)');
CREATE TABLE t_target (
id INT PRIMARY KEY,
val COMPLEX
);
INSERT INTO t_target (id, val)
SELECT id, val FROM t_source WHERE id <= 3;
INSERT INTO t_target
SELECT id, val FROM t_source WHERE id BETWEEN 4 AND 6;
INSERT INTO t_target (val, id)
SELECT val, id FROM t_source WHERE id IN (7, 8);
INSERT INTO t_target
SELECT id, val FROM t_source WHERE id > 8 ORDER BY id;
SELECT * FROM t_target ORDER BY id;
id	val
1	(15,20)
2	(0,0)
3	(-7.5,-8.5)
4	(0,0)
5	(22,-13)
6	(0,0)
7	(-18,9)
8	(3.5,4.2)
9	(0,0)
10	(11.5,-12.5)
11	(0,0)
12	(-25,-30)
13	(19,21)
14	(0,0)
15	(7,-5)
16	(-14,16)
17	(0,0)
18	(26,28)
19	(-9.5,11.5)
20	(0,0)
21	(33,-35)
22	(0,0)
23	(-22,24)
24	(17.5,19.5)
25	(0,0)
26	(-31,-32)
27	(29,30)
28	(0,0)
29	(12,-14)
30	(-27,28)
31	(0,0)
32	(34,-36)
33	(0,0)
SELECT * FROM t_target ORDER BY val, id;
id	val
26	(-31,-32)
30	(-27,28)
12	(-25,-30)
23	(-22,24)
7	(-18,9)
16	(-14,16)
19	(-9.5,11.5)
3	(-7.5,-8.5)
2	(0,0)
4	(0,0)
6	(0,0)
9	(0,0)
11	(0,0)
14	(0,0)
17	(0,0)
20	(0,0)
22	(0,0)
25	(0,0)
28	(0,0)
31	(0,0)
33	(0,0)
8	(3.5,4.2)
15	(7,-5)
10	(11.5,-12.5)
29	(12,-14)
1	(15,20)
24	(17.5,19.5)
13	(19,21)
5	(22,-13)
18	(26,28)
27	(29,30)
21	(33,-35)
32	(34,-36)
DROP TABLE t_source;
DROP TABLE t_target;
CREATE TABLE t_source2 (
id INT PRIMARY KEY,
val COMPLEX
);
INSERT INTO t_source2 VALUES
(1, '(1.0,2.0)'),
(2, '(0,0)'),
(3, '(-3.5,1.2)'),
(4, '(0,0)'),
(5, '(5.0,-6.0)'),
(6, '(1.0,2.0)'),
(7, '(-7.5,-8.5)'),
(8, '(0,0)'),
(9, '(-0,0)'),
(10, '(1.0,2.0)'),
(11, '(8.0,-9.0)'),
(12, '(0,-0)'),
(13, '(-11.0,12.0)'),
(14, '(1.0,2.0)'),
(15, '(-0,-0)'),
(16, '(13.5,14.5)'),
(17, '(0,0)'),
(18, '(-16.0,-17.0)'),
(19, '(1.0,2.0)'),
(20, '(0,-0)'),
(21, '(18.0,19.0)'),
(22, '(-0,0)'),
(23, '(1.0,2.0)'),
(24, '(-21.0,22.0)'),
(25, '(0,0)'),
(26, '(23.5,-24.5)'),
(27, '(-0,-0)'),
(28, '(1.0,2.0)'),
(29, '(25.0,26.0)'),
(30, '(0,0)'),
(31, '(-27.0,-28.0)'),
(32, '(1.0,2.0)'),
(33, '(0,-0)');
CREATE TABLE t_target2 (
id INT PRIMARY KEY,
val COMPLEX
);
INSERT INTO t_target2 SELECT * FROM t_source2 WHERE val = '(0,0)';
INSERT INTO t_target2 SELECT id + 50, val FROM t_source2 WHERE val = '(1.0,2.0)';
INSERT INTO t_target2 SELECT id + 100, val FROM t_source2 WHERE val != '(0,0)' AND val != '(1.0,2.0)';
SELECT * FROM t_target2 ORDER BY id;
id	val
2	(0,0)
4	(0,0)
8	(0,0)
9	(0,0)
12	(0,0)
15	(0,0)
17	(0,0)
20	(0,0)
22	(0,0)
25	(0,0)
27	(0,0)
30	(0,0)
33	(0,0)
51	(1,2)
56	(1,2)
60	(1,2)
64	(1,2)
69	(1,2)
73	(1,2)
78	(1,2)
82	(1,2)
103	(-3.5,1.2)
105	(5,-6)
107	(-7.5,-8.5)
111	(8,-9)
113	(-11,12)
116	(13.5,14.5)
118	(-16,-17)
121	(18,19)
124	(-21,22)
126	(23.5,-24.5)
129	(25,26)
131	(-27,-28)
DROP TABLE t_source2;
DROP TABLE t_target2;
CREATE TABLE t_source_multi (
id INT PRIMARY KEY,
val_a COMPLEX,
val_b COMPLEX,
val_c COMPLEX
);
INSERT INTO t_source_multi VALUES
(1, '(1.0,2.0)', '(3.0,4.0)', '(5.0,6.0)'),
(2, '(0,0)', '(-0,0)', '(0,-0)'),
(3, '(-7.0,8.0)', '(9.0,-10.0)', '(-11.0,-12.0)'),
(4, '(13.5,14.5)', '(-15.5,16.5)', '(17.5,-18.5)'),
(5, '(-19.0,-20.0)', '(21.0,22.0)', '(-23.0,24.0)'),
(6, '(0,-0)', '(24.0,-25.0)', '(-0,0)'),
(7, '(26.0,27.0)', '(-0,-0)', '(28.0,29.0)'),
(8, '(-30.0,31.0)', '(32.0,33.0)', '(0,0)'),
(9, '(34.0,-35.0)', '(0,0)', '(-36.0,-37.0)'),
(10, '(-0,0)', '(-38.0,39.0)', '(40.0,-41.0)'),
(11, '(42.0,43.0)', '(0,-0)', '(-44.0,45.0)'),
(12, '(-46.0,-47.0)', '(48.0,49.0)', '(-0,-0)'),
(13, '(0,0)', '(-50.0,-51.0)', '(52.0,53.0)'),
(14, '(54.0,-55.0)', '(56.0,57.0)', '(0,-0)'),
(15, '(-58.0,59.0)', '(-0,0)', '(-60.0,-61.0)'),
(16, '(62.0,63.0)', '(64.0,-65.0)', '(0,0)'),
(17, '(-0,-0)', '(66.0,67.0)', '(-68.0,69.0)'),
(18, '(70.0,-71.0)', '(-72.0,-73.0)', '(0,-0)'),
(19, '(-74.0,75.0)', '(0,0)', '(76.0,77.0)'),
(20, '(0,-0)', '(-78.0,79.0)', '(-0,0)'),
(21, '(80.0,81.0)', '(82.0,-83.0)', '(-0,-0)'),
(22, '(-84.0,-85.0)', '(0,-0)', '(86.0,87.0)'),
(23, '(88.0,89.0)', '(-90.0,91.0)', '(0,0)'),
(24, '(-0,0)', '(92.0,93.0)', '(-94.0,-95.0)'),
(25, '(96.0,-97.0)', '(-0,-0)', '(98.0,99.0)'),
(26, '(-100.0,101.0)', '(102.0,103.0)', '(0,-0)'),
(27, '(0,0)', '(-104.0,-105.0)', '(-0,0)'),
(28, '(106.0,107.0)', '(108.0,-109.0)', '(-0,-0)'),
(29, '(-110.0,-111.0)', '(0,0)', '(112.0,113.0)'),
(30, '(114.0,115.0)', '(-116.0,117.0)', '(0,0)'),
(31, '(-0,-0)', '(0,-0)', '(-118.0,-119.0)'),
(32, '(120.0,-121.0)', '(-0,0)', '(122.0,123.0)'),
(33, '(-124.0,125.0)', '(126.0,127.0)', '(0,-0)');
CREATE TABLE t_target_multi (
id INT PRIMARY KEY,
val_a COMPLEX,
val_b COMPLEX,
val_c COMPLEX
);
INSERT INTO t_target_multi SELECT * FROM t_source_multi;
SELECT * FROM t_target_multi ORDER BY id;
id	val_a	val_b	val_c
1	(1,2)	(3,4)	(5,6)
2	(0,0)	(0,0)	(0,0)
3	(-7,8)	(9,-10)	(-11,-12)
4	(13.5,14.5)	(-15.5,16.5)	(17.5,-18.5)
5	(-19,-20)	(21,22)	(-23,24)
6	(0,0)	(24,-25)	(0,0)
7	(26,27)	(0,0)	(28,29)
8	(-30,31)	(32,33)	(0,0)
9	(34,-35)	(0,0)	(-36,-37)
10	(0,0)	(-38,39)	(40,-41)
11	(42,43)	(0,0)	(-44,45)
12	(-46,-47)	(48,49)	(0,0)
13	(0,0)	(-50,-51)	(52,53)
14	(54,-55)	(56,57)	(0,0)
15	(-58,59)	(0,0)	(-60,-61)
16	(62,63)	(64,-65)	(0,0)
17	(0,0)	(66,67)	(-68,69)
18	(70,-71)	(-72,-73)	(0,0)
19	(-74,75)	(0,0)	(76,77)
20	(0,0)	(-78,79)	(0,0)
21	(80,81)	(82,-83)	(0,0)
22	(-84,-85)	(0,0)	(86,87)
23	(88,89)	(-90,91)	(0,0)
24	(0,0)	(92,93)	(-94,-95)
25	(96,-97)	(0,0)	(98,99)
26	(-100,101)	(102,103)	(0,0)
27	(0,0)	(-104,-105)	(0,0)
28	(106,107)	(108,-109)	(0,0)
29	(-110,-111)	(0,0)	(112,113)
30	(114,115)	(-116,117)	(0,0)
31	(0,0)	(0,0)	(-118,-119)
32	(120,-121)	(0,0)	(122,123)
33	(-124,125)	(126,127)	(0,0)
SELECT * FROM t_target_multi ORDER BY val_a, val_b, val_c;
id	val_a	val_b	val_c
33	(-124,125)	(126,127)	(0,0)
29	(-110,-111)	(0,0)	(112,113)
26	(-100,101)	(102,103)	(0,0)
22	(-84,-85)	(0,0)	(86,87)
19	(-74,75)	(0,0)	(76,77)
15	(-58,59)	(0,0)	(-60,-61)
12	(-46,-47)	(48,49)	(0,0)
8	(-30,31)	(32,33)	(0,0)
5	(-19,-20)	(21,22)	(-23,24)
3	(-7,8)	(9,-10)	(-11,-12)
27	(0,0)	(-104,-105)	(0,0)
20	(0,0)	(-78,79)	(0,0)
13	(0,0)	(-50,-51)	(52,53)
10	(0,0)	(-38,39)	(40,-41)
31	(0,0)	(0,0)	(-118,-119)
2	(0,0)	(0,0)	(0,0)
6	(0,0)	(24,-25)	(0,0)
17	(0,0)	(66,67)	(-68,69)
24	(0,0)	(92,93)	(-94,-95)
1	(1,2)	(3,4)	(5,6)
4	(13.5,14.5)	(-15.5,16.5)	(17.5,-18.5)
7	(26,27)	(0,0)	(28,29)
9	(34,-35)	(0,0)	(-36,-37)
11	(42,43)	(0,0)	(-44,45)
14	(54,-55)	(56,57)	(0,0)
16	(62,63)	(64,-65)	(0,0)
18	(70,-71)	(-72,-73)	(0,0)
21	(80,81)	(82,-83)	(0,0)
23	(88,89)	(-90,91)	(0,0)
25	(96,-97)	(0,0)	(98,99)
28	(106,107)	(108,-109)	(0,0)
30	(114,115)	(-116,117)	(0,0)
32	(120,-121)	(0,0)	(122,123)
SELECT * FROM t_target_multi ORDER BY val_b, val_c;
id	val_a	val_b	val_c
30	(114,115)	(-116,117)	(0,0)
27	(0,0)	(-104,-105)	(0,0)
23	(88,89)	(-90,91)	(0,0)
20	(0,0)	(-78,79)	(0,0)
18	(70,-71)	(-72,-73)	(0,0)
13	(0,0)	(-50,-51)	(52,53)
10	(0,0)	(-38,39)	(40,-41)
4	(13.5,14.5)	(-15.5,16.5)	(17.5,-18.5)
31	(0,0)	(0,0)	(-118,-119)
15	(-58,59)	(0,0)	(-60,-61)
11	(42,43)	(0,0)	(-44,45)
9	(34,-35)	(0,0)	(-36,-37)
2	(0,0)	(0,0)	(0,0)
7	(26,27)	(0,0)	(28,29)
19	(-74,75)	(0,0)	(76,77)
22	(-84,-85)	(0,0)	(86,87)
25	(96,-97)	(0,0)	(98,99)
29	(-110,-111)	(0,0)	(112,113)
32	(120,-121)	(0,0)	(122,123)
1	(1,2)	(3,4)	(5,6)
3	(-7,8)	(9,-10)	(-11,-12)
5	(-19,-20)	(21,22)	(-23,24)
6	(0,0)	(24,-25)	(0,0)
8	(-30,31)	(32,33)	(0,0)
12	(-46,-47)	(48,49)	(0,0)
14	(54,-55)	(56,57)	(0,0)
16	(62,63)	(64,-65)	(0,0)
17	(0,0)	(66,67)	(-68,69)
21	(80,81)	(82,-83)	(0,0)
24	(0,0)	(92,93)	(-94,-95)
26	(-100,101)	(102,103)	(0,0)
28	(106,107)	(108,-109)	(0,0)
33	(-124,125)	(126,127)	(0,0)
DROP TABLE t_target_multi;
CREATE TABLE t_target_multi2 (
id INT PRIMARY KEY,
val_a COMPLEX,
val_b COMPLEX,
val_c COMPLEX
);
INSERT INTO t_target_multi2 SELECT * FROM t_source_multi WHERE val_a = '(0,0)';
INSERT INTO t_target_multi2 SELECT id + 50, val_a, val_b, val_c FROM t_source_multi WHERE val_b != '(-0,0)';
SELECT * FROM t_target_multi2 ORDER BY id;
id	val_a	val_b	val_c
2	(0,0)	(0,0)	(0,0)
6	(0,0)	(24,-25)	(0,0)
10	(0,0)	(-38,39)	(40,-41)
13	(0,0)	(-50,-51)	(52,53)
17	(0,0)	(66,67)	(-68,69)
20	(0,0)	(-78,79)	(0,0)
24	(0,0)	(92,93)	(-94,-95)
27	(0,0)	(-104,-105)	(0,0)
31	(0,0)	(0,0)	(-118,-119)
51	(1,2)	(3,4)	(5,6)
53	(-7,8)	(9,-10)	(-11,-12)
54	(13.5,14.5)	(-15.5,16.5)	(17.5,-18.5)
55	(-19,-20)	(21,22)	(-23,24)
56	(0,0)	(24,-25)	(0,0)
58	(-30,31)	(32,33)	(0,0)
60	(0,0)	(-38,39)	(40,-41)
62	(-46,-47)	(48,49)	(0,0)
63	(0,0)	(-50,-51)	(52,53)
64	(54,-55)	(56,57)	(0,0)
66	(62,63)	(64,-65)	(0,0)
67	(0,0)	(66,67)	(-68,69)
68	(70,-71)	(-72,-73)	(0,0)
70	(0,0)	(-78,79)	(0,0)
71	(80,81)	(82,-83)	(0,0)
73	(88,89)	(-90,91)	(0,0)
74	(0,0)	(92,93)	(-94,-95)
76	(-100,101)	(102,103)	(0,0)
77	(0,0)	(-104,-105)	(0,0)
78	(106,107)	(108,-109)	(0,0)
80	(114,115)	(-116,117)	(0,0)
83	(-124,125)	(126,127)	(0,0)
DROP TABLE t_source_multi;
DROP TABLE t_target_multi2;
CREATE TABLE t_corner_source (
id INT PRIMARY KEY,
val COMPLEX
);
INSERT INTO t_corner_source VALUES
(1, NULL),
(2, '(1.0,2.0)'),
(3, NULL),
(4, '(1e10,2e10)'),
(5, '(1.5e-10,-2.5e-10)'),
(6, '(1e100,-1e100)'),
(7, '( 1.0 , 2.0 )'),
(8, '(  -3.5  ,  4.5  )'),
(9, '(-7.5,-8.5)'),
(10, '(0,0)'),
(11, '(-0,0)'),
(12, '(0,-0)'),
(13, '(-0,-0)'),
(14, '(5.0,6.0)'),
(15, '(-9.0,10.0)'),
(16, '(11.0,-12.0)'),
(17, '(-13.0,-14.0)'),
(18, '(15.0,16.0)'),
(19, '(17.0,18.0)'),
(20, '(-19.0,20.0)'),
(21, '(21.0,-22.0)'),
(22, '(-23.0,-24.0)'),
(23, '(25.0,26.0)'),
(24, '(27.0,28.0)'),
(25, '(-29.0,30.0)'),
(26, '(31.0,-32.0)'),
(27, '(-33.0,-34.0)'),
(28, '(35.0,36.0)'),
(29, '(37.0,38.0)'),
(30, '(-39.0,40.0)');
CREATE TABLE t_corner_target (
id INT PRIMARY KEY,
val COMPLEX
);
INSERT INTO t_corner_target SELECT * FROM t_corner_source WHERE val IS NULL;
INSERT INTO t_corner_target SELECT id + 100, val FROM t_corner_source WHERE val IS NOT NULL ORDER BY id LIMIT 5;
SELECT * FROM t_corner_target ORDER BY id;
id	val
1	NULL
3	NULL
102	(1,2)
104	(1e+10,2e+10)
105	(1.5e-10,-2.5e-10)
106	(1e+100,-1e+100)
107	(1,2)
DROP TABLE t_corner_target;
CREATE TABLE t_corner_target2 (
id INT PRIMARY KEY,
val COMPLEX
);
INSERT INTO t_corner_target2 SELECT * FROM t_corner_source WHERE val < '(1e10,2e10)' ORDER BY id;
INSERT INTO t_corner_target2 SELECT id + 50, val FROM t_corner_source WHERE val > '(0,0)' ORDER BY id;
INSERT INTO t_corner_target2 SELECT id + 100, val FROM t_corner_source WHERE val <= '(1.0,2.0)' ORDER BY id;
INSERT INTO t_corner_target2 SELECT id + 150, val FROM t_corner_source WHERE val >= '(-3.5,4.5)' ORDER BY id;
INSERT INTO t_corner_target2 SELECT id + 200, val FROM t_corner_source WHERE val BETWEEN '(-10,-10)' AND '(10,10)' ORDER BY id;
SELECT * FROM t_corner_target2 ORDER BY id;
id	val
2	(1,2)
5	(1.5e-10,-2.5e-10)
7	(1,2)
8	(-3.5,4.5)
9	(-7.5,-8.5)
10	(0,0)
11	(0,0)
12	(0,0)
13	(0,0)
14	(5,6)
15	(-9,10)
16	(11,-12)
17	(-13,-14)
18	(15,16)
19	(17,18)
20	(-19,20)
21	(21,-22)
22	(-23,-24)
23	(25,26)
24	(27,28)
25	(-29,30)
26	(31,-32)
27	(-33,-34)
28	(35,36)
29	(37,38)
30	(-39,40)
52	(1,2)
54	(1e+10,2e+10)
55	(1.5e-10,-2.5e-10)
56	(1e+100,-1e+100)
57	(1,2)
64	(5,6)
66	(11,-12)
68	(15,16)
69	(17,18)
71	(21,-22)
73	(25,26)
74	(27,28)
76	(31,-32)
78	(35,36)
79	(37,38)
102	(1,2)
105	(1.5e-10,-2.5e-10)
107	(1,2)
108	(-3.5,4.5)
109	(-7.5,-8.5)
110	(0,0)
111	(0,0)
112	(0,0)
113	(0,0)
115	(-9,10)
117	(-13,-14)
120	(-19,20)
122	(-23,-24)
125	(-29,30)
127	(-33,-34)
130	(-39,40)
152	(1,2)
154	(1e+10,2e+10)
155	(1.5e-10,-2.5e-10)
156	(1e+100,-1e+100)
157	(1,2)
158	(-3.5,4.5)
160	(0,0)
161	(0,0)
162	(0,0)
163	(0,0)
164	(5,6)
166	(11,-12)
168	(15,16)
169	(17,18)
171	(21,-22)
173	(25,26)
174	(27,28)
176	(31,-32)
178	(35,36)
179	(37,38)
202	(1,2)
205	(1.5e-10,-2.5e-10)
207	(1,2)
208	(-3.5,4.5)
209	(-7.5,-8.5)
210	(0,0)
211	(0,0)
212	(0,0)
213	(0,0)
214	(5,6)
215	(-9,10)
DROP TABLE t_corner_target2;
CREATE TABLE t_corner_target3 (
id INT PRIMARY KEY AUTO_INCREMENT,
val COMPLEX
);
CREATE TABLE t_dup_source (
id INT PRIMARY KEY,
val COMPLEX
);
INSERT INTO t_dup_source VALUES
(1, '(1.0,2.0)'),
(2, '(1.0,2.0)'),
(3, '(3.0,4.0)'),
(4, '(3.0,4.0)'),
(5, '(5.0,6.0)'),
(6, '(1.0,2.0)'),
(7, '(0,0)'),
(8, '(0,0)'),
(9, '(-0,0)'),
(10, '(0,-0)'),
(11, '(-0,-0)'),
(12, '(7.0,8.0)'),
(13, '(7.0,8.0)'),
(14, '(-9.0,10.0)'),
(15, '(-9.0,10.0)'),
(16, '(11.0,12.0)'),
(17, '(11.0,12.0)'),
(18, '(-13.0,-14.0)'),
(19, '(-13.0,-14.0)'),
(20, '(15.0,16.0)'),
(21, '(15.0,16.0)'),
(22, '(17.0,18.0)'),
(23, '(17.0,18.0)'),
(24, '(-19.0,20.0)'),
(25, '(-19.0,20.0)'),
(26, '(21.0,22.0)'),
(27, '(21.0,22.0)'),
(28, '(-23.0,-24.0)'),
(29, '(-23.0,-24.0)'),
(30, '(25.0,26.0)');
INSERT INTO t_corner_target3 (val) SELECT DISTINCT val FROM t_dup_source ORDER BY val;
SELECT * FROM t_corner_target3 ORDER BY val, id;
id	val
1	(-23,-24)
2	(-19,20)
3	(-13,-14)
4	(-9,10)
5	(0,0)
6	(1,2)
7	(3,4)
8	(5,6)
9	(7,8)
10	(11,12)
11	(15,16)
12	(17,18)
13	(21,22)
14	(25,26)
DROP TABLE t_dup_source;
DROP TABLE t_corner_target3;
CREATE TABLE t_corner_target4 (
id INT PRIMARY KEY,
val COMPLEX
);
INSERT INTO t_corner_target4 SELECT * FROM t_corner_source WHERE val IS NOT NULL ORDER BY id LIMIT 5;
INSERT INTO t_corner_target4 SELECT id + 100, val FROM t_corner_source WHERE val IS NOT NULL ORDER BY id LIMIT 5 OFFSET 5;
INSERT INTO t_corner_target4 SELECT id + 200, val FROM t_corner_source WHERE val IS NOT NULL ORDER BY id LIMIT 5 OFFSET 10;
SELECT * FROM t_corner_target4 ORDER BY id;
id	val
2	(1,2)
4	(1e+10,2e+10)
5	(1.5e-10,-2.5e-10)
6	(1e+100,-1e+100)
7	(1,2)
108	(-3.5,4.5)
109	(-7.5,-8.5)
110	(0,0)
111	(0,0)
112	(0,0)
213	(0,0)
214	(5,6)
215	(-9,10)
216	(11,-12)
217	(-13,-14)
DROP TABLE t_corner_target4;
CREATE TABLE t_corner_target5 (
id INT PRIMARY KEY,
val COMPLEX
);
INSERT INTO t_corner_target5 SELECT * FROM t_corner_source WHERE val IS NOT NULL ORDER BY val ASC, id ASC LIMIT 10;
SELECT * FROM t_corner_target5 ORDER BY val ASC, id ASC;
id	val
30	(-39,40)
27	(-33,-34)
25	(-29,30)
22	(-23,-24)
20	(-19,20)
17	(-13,-14)
15	(-9,10)
9	(-7.5,-8.5)
8	(-3.5,4.5)
10	(0,0)
SELECT * FROM t_corner_target5 ORDER BY val DESC, id DESC;
id	val
10	(0,0)
8	(-3.5,4.5)
9	(-7.5,-8.5)
15	(-9,10)
17	(-13,-14)
20	(-19,20)
22	(-23,-24)
25	(-29,30)
27	(-33,-34)
30	(-39,40)
DROP TABLE t_corner_target5;
DROP TABLE t_corner_source;
CREATE TABLE t_ignore_source (
id INT PRIMARY KEY,
val COMPLEX
);
INSERT INTO t_ignore_source VALUES
(1, '(1.0,2.0)'),
(2, '(0,0)'),
(3, '(-3.5,1.2)'),
(4, '(-0,0)'),
(5, '(5.0,-6.0)'),
(6, '(0,-0)'),
(7, '(-7.5,-8.5)'),
(8, '(-0,-0)'),
(9, '(9.0,10.0)'),
(10, '(11.5,-12.5)');
CREATE TABLE t_ignore_target (
id INT PRIMARY KEY,
val COMPLEX
);
INSERT INTO t_ignore_target SELECT * FROM t_ignore_source WHERE id <= 5;
SELECT * FROM t_ignore_target ORDER BY id;
id	val
1	(1,2)
2	(0,0)
3	(-3.5,1.2)
4	(0,0)
5	(5,-6)
INSERT IGNORE INTO t_ignore_target SELECT * FROM t_ignore_source WHERE id IN (1, 3, 5);
Warnings:
Warning	1062	Duplicate entry '1' for key 't_ignore_target.PRIMARY'
Warning	1062	Duplicate entry '3' for key 't_ignore_target.PRIMARY'
Warning	1062	Duplicate entry '5' for key 't_ignore_target.PRIMARY'
INSERT IGNORE INTO t_ignore_target SELECT * FROM t_ignore_source WHERE id > 5;
SELECT * FROM t_ignore_target ORDER BY id;
id	val
1	(1,2)
2	(0,0)
3	(-3.5,1.2)
4	(0,0)
5	(5,-6)
6	(0,0)
7	(-7.5,-8.5)
8	(0,0)
9	(9,10)
10	(11.5,-12.5)
DROP TABLE t_ignore_source;
DROP TABLE t_ignore_target;
