CREATE TABLE t1 (
id INT PRIMARY KEY,
val COMPLEX,
name VARCHAR(50)
);
INSERT INTO t1 VALUES (1, '(15.0,20.0)', 'row1');
INSERT INTO t1 VALUES (2, '(-0,0)', 'row2');
INSERT INTO t1 VALUES (3, '(-7.5,-8.5)', 'row3');
INSERT INTO t1 VALUES (4, '(0,0)', 'row4');
INSERT INTO t1 VALUES (5, '(22.0,-13.0)', 'row5');
INSERT INTO t1 VALUES (6, '(0,-0)', 'row6');
INSERT INTO t1 VALUES (7, '(-18.0,9.0)', 'row7');
INSERT INTO t1 VALUES (8, '(3.5,4.2)', 'row8');
INSERT INTO t1 VALUES (9, '(-0,-0)', 'row9');
INSERT INTO t1 VALUES (10, '(11.5,-12.5)', 'row10');
INSERT INTO t1 VALUES (11, '(0,0)', 'row11');
INSERT INTO t1 VALUES (12, '(-25.0,-30.0)', 'row12');
INSERT INTO t1 VALUES (13, '(19.0,21.0)', 'row13');
INSERT INTO t1 VALUES (14, '(-0,0)', 'row14');
INSERT INTO t1 VALUES (15, '(7.0,-5.0)', 'row15');
INSERT INTO t1 VALUES (16, '(-14.0,16.0)', 'row16');
INSERT INTO t1 VALUES (17, '(0,-0)', 'row17');
INSERT INTO t1 VALUES (18, '(26.0,28.0)', 'row18');
INSERT INTO t1 VALUES (19, '(-9.5,11.5)', 'row19');
INSERT INTO t1 VALUES (20, '(-0,-0)', 'row20');
INSERT INTO t1 VALUES (21, '(33.0,-35.0)', 'row21')
ON DUPLICATE KEY UPDATE val = '(999.0,999.0)', name = 'updated';
INSERT INTO t1 VALUES (22, '(0,0)', 'row22')
ON DUPLICATE KEY UPDATE val = '(888.0,888.0)', name = 'updated';
INSERT INTO t1 VALUES (1, '(100.0,100.0)', 'duplicate')
ON DUPLICATE KEY UPDATE val = '(1.1,2.1)', name = 'updated1';
INSERT INTO t1 VALUES (5, '(200.0,200.0)', 'duplicate')
ON DUPLICATE KEY UPDATE val = '(5.5,-6.5)', name = 'updated5';
INSERT INTO t1 VALUES (10, '(300.0,300.0)', 'duplicate')
ON DUPLICATE KEY UPDATE val = '(10.1,-11.1)', name = 'updated10';
INSERT INTO t1 VALUES (23, '(-22.0,24.0)', 'row23')
ON DUPLICATE KEY UPDATE val = '(777.0,777.0)', name = 'updated';
INSERT INTO t1 VALUES (24, '(17.5,19.5)', 'row24')
ON DUPLICATE KEY UPDATE val = '(666.0,666.0)', name = 'updated';
INSERT INTO t1 VALUES (2, '(500.0,500.0)', 'duplicate')
ON DUPLICATE KEY UPDATE val = '(0,0)', name = 'updated_zero';
INSERT INTO t1 VALUES (9, '(600.0,600.0)', 'duplicate')
ON DUPLICATE KEY UPDATE val = '(-0,-0)', name = 'updated_zero';
INSERT INTO t1 VALUES (25, '(0,-0)', 'row25')
ON DUPLICATE KEY UPDATE val = '(555.0,555.0)', name = 'updated';
INSERT INTO t1 VALUES (26, '(-31.0,-32.0)', 'row26')
ON DUPLICATE KEY UPDATE val = '(444.0,444.0)', name = 'updated';
INSERT INTO t1 VALUES (27, '(29.0,30.0)', 'row27')
ON DUPLICATE KEY UPDATE val = '(333.0,333.0)', name = 'updated';
INSERT INTO t1 VALUES (28, '(-0,0)', 'row28')
ON DUPLICATE KEY UPDATE val = '(222.0,222.0)', name = 'updated';
INSERT INTO t1 VALUES (29, '(12.0,-14.0)', 'row29')
ON DUPLICATE KEY UPDATE val = '(111.0,111.0)', name = 'updated';
INSERT INTO t1 VALUES (30, '(-27.0,28.0)', 'row30')
ON DUPLICATE KEY UPDATE val = '(000.0,000.0)', name = 'updated';
SELECT * FROM t1 ORDER BY id;
id	val	name
1	(1.1,2.1)	updated1
2	(0,0)	updated_zero
3	(-7.5,-8.5)	row3
4	(0,0)	row4
5	(5.5,-6.5)	updated5
6	(0,0)	row6
7	(-18,9)	row7
8	(3.5,4.2)	row8
9	(0,0)	updated_zero
10	(10.1,-11.1)	updated10
11	(0,0)	row11
12	(-25,-30)	row12
13	(19,21)	row13
14	(0,0)	row14
15	(7,-5)	row15
16	(-14,16)	row16
17	(0,0)	row17
18	(26,28)	row18
19	(-9.5,11.5)	row19
20	(0,0)	row20
21	(33,-35)	row21
22	(0,0)	row22
23	(-22,24)	row23
24	(17.5,19.5)	row24
25	(0,0)	row25
26	(-31,-32)	row26
27	(29,30)	row27
28	(0,0)	row28
29	(12,-14)	row29
30	(-27,28)	row30
SELECT * FROM t1 ORDER BY val, id;
id	val	name
26	(-31,-32)	row26
30	(-27,28)	row30
12	(-25,-30)	row12
23	(-22,24)	row23
7	(-18,9)	row7
16	(-14,16)	row16
19	(-9.5,11.5)	row19
3	(-7.5,-8.5)	row3
2	(0,0)	updated_zero
4	(0,0)	row4
6	(0,0)	row6
9	(0,0)	updated_zero
11	(0,0)	row11
14	(0,0)	row14
17	(0,0)	row17
20	(0,0)	row20
22	(0,0)	row22
25	(0,0)	row25
28	(0,0)	row28
1	(1.1,2.1)	updated1
8	(3.5,4.2)	row8
5	(5.5,-6.5)	updated5
15	(7,-5)	row15
10	(10.1,-11.1)	updated10
29	(12,-14)	row29
24	(17.5,19.5)	row24
13	(19,21)	row13
18	(26,28)	row18
27	(29,30)	row27
21	(33,-35)	row21
DROP TABLE t1;
CREATE TABLE t2 (
id INT PRIMARY KEY,
val_a COMPLEX,
val_b COMPLEX,
val_c COMPLEX
);
INSERT INTO t2 VALUES (1, '(1.0,2.0)', '(3.0,4.0)', '(5.0,6.0)');
INSERT INTO t2 VALUES (2, '(2.5,3.5)', '(-0,0)', '(0,-0)');
INSERT INTO t2 VALUES (3, '(-7.0,8.0)', '(9.0,-10.0)', '(-11.0,-12.0)');
INSERT INTO t2 VALUES (4, '(13.5,14.5)', '(-15.5,16.5)', '(17.5,-18.5)');
INSERT INTO t2 VALUES (5, '(-19.0,-20.0)', '(21.0,22.0)', '(-23.0,24.0)');
INSERT INTO t2 VALUES (6, '(0,-0)', '(24.0,-25.0)', '(-0,0)')
ON DUPLICATE KEY UPDATE val_a = '(999.0,999.0)', val_b = '(999.0,999.0)', val_c = '(999.0,999.0)';
INSERT INTO t2 VALUES (1, '(100.0,100.0)', '(100.0,100.0)', '(100.0,100.0)')
ON DUPLICATE KEY UPDATE val_a = '(1.1,2.1)', val_b = '(3.1,4.1)', val_c = '(5.1,6.1)';
INSERT INTO t2 VALUES (2, '(200.0,200.0)', '(200.0,200.0)', '(200.0,200.0)')
ON DUPLICATE KEY UPDATE val_a = '(-0,-0)', val_b = '(0,-0)', val_c = '(-0,0)';
INSERT INTO t2 VALUES (7, '(26.0,27.0)', '(-0,-0)', '(28.0,29.0)')
ON DUPLICATE KEY UPDATE val_a = '(888.0,888.0)', val_b = '(888.0,888.0)', val_c = '(888.0,888.0)';
INSERT INTO t2 VALUES (8, '(-30.0,31.0)', '(32.0,33.0)', '(0,0)')
ON DUPLICATE KEY UPDATE val_a = '(777.0,777.0)', val_b = '(777.0,777.0)', val_c = '(777.0,777.0)';
SELECT * FROM t2 ORDER BY id;
id	val_a	val_b	val_c
1	(1.1,2.1)	(3.1,4.1)	(5.1,6.1)
2	(0,0)	(0,0)	(0,0)
3	(-7,8)	(9,-10)	(-11,-12)
4	(13.5,14.5)	(-15.5,16.5)	(17.5,-18.5)
5	(-19,-20)	(21,22)	(-23,24)
6	(0,0)	(24,-25)	(0,0)
7	(26,27)	(0,0)	(28,29)
8	(-30,31)	(32,33)	(0,0)
SELECT * FROM t2 ORDER BY val_a, val_b;
id	val_a	val_b	val_c
8	(-30,31)	(32,33)	(0,0)
5	(-19,-20)	(21,22)	(-23,24)
3	(-7,8)	(9,-10)	(-11,-12)
2	(0,0)	(0,0)	(0,0)
6	(0,0)	(24,-25)	(0,0)
1	(1.1,2.1)	(3.1,4.1)	(5.1,6.1)
4	(13.5,14.5)	(-15.5,16.5)	(17.5,-18.5)
7	(26,27)	(0,0)	(28,29)
SELECT * FROM t2 ORDER BY val_b, val_c;
id	val_a	val_b	val_c
4	(13.5,14.5)	(-15.5,16.5)	(17.5,-18.5)
2	(0,0)	(0,0)	(0,0)
7	(26,27)	(0,0)	(28,29)
1	(1.1,2.1)	(3.1,4.1)	(5.1,6.1)
3	(-7,8)	(9,-10)	(-11,-12)
5	(-19,-20)	(21,22)	(-23,24)
6	(0,0)	(24,-25)	(0,0)
8	(-30,31)	(32,33)	(0,0)
DROP TABLE t2;
