CREATE TABLE t1 (
id INT,
val COMPLEX
)
PARTITION BY RANGE (id) (
PARTITION p0 VALUES LESS THAN (10),
PARTITION p1 VALUES LESS THAN (20),
PARTITION p2 VALUES LESS THAN (30),
PARTITION p3 VALUES LESS THAN (40)
);
INSERT INTO t1 PARTITION (p0) VALUES (1, '(15.0,20.0)');
INSERT INTO t1 PARTITION (p0) VALUES (2, '(-0,0)');
INSERT INTO t1 PARTITION (p0) VALUES (3, '(-7.5,-8.5)');
INSERT INTO t1 PARTITION (p0) VALUES (4, '(0,0)');
INSERT INTO t1 PARTITION (p0) VALUES (5, '(22.0,-13.0)');
INSERT INTO t1 PARTITION (p0) VALUES (6, '(0,-0)');
INSERT INTO t1 PARTITION (p0) VALUES (7, '(-18.0,9.0)');
INSERT INTO t1 PARTITION (p0) VALUES (8, '(3.5,4.2)');
INSERT INTO t1 PARTITION (p0) VALUES (9, '(-0,-0)');
INSERT INTO t1 PARTITION (p1) VALUES (10, '(11.5,-12.5)');
INSERT INTO t1 PARTITION (p1) VALUES (11, '(0,0)');
INSERT INTO t1 PARTITION (p1) VALUES (12, '(-25.0,-30.0)');
INSERT INTO t1 PARTITION (p1) VALUES (13, '(19.0,21.0)');
INSERT INTO t1 PARTITION (p1) VALUES (14, '(-0,0)');
INSERT INTO t1 PARTITION (p1) VALUES (15, '(7.0,-5.0)');
INSERT INTO t1 PARTITION (p1) VALUES (16, '(-14.0,16.0)');
INSERT INTO t1 PARTITION (p1) VALUES (17, '(0,-0)');
INSERT INTO t1 PARTITION (p1) VALUES (18, '(26.0,28.0)');
INSERT INTO t1 PARTITION (p1) VALUES (19, '(-9.5,11.5)');
INSERT INTO t1 PARTITION (p2) VALUES (20, '(-0,-0)');
INSERT INTO t1 PARTITION (p2) VALUES (21, '(33.0,-35.0)');
INSERT INTO t1 PARTITION (p2) VALUES (22, '(0,0)');
INSERT INTO t1 PARTITION (p2) VALUES (23, '(-22.0,24.0)');
INSERT INTO t1 PARTITION (p2) VALUES (24, '(17.5,19.5)');
INSERT INTO t1 PARTITION (p2) VALUES (25, '(0,-0)');
INSERT INTO t1 PARTITION (p2) VALUES (26, '(-31.0,-32.0)');
INSERT INTO t1 PARTITION (p2) VALUES (27, '(29.0,30.0)');
INSERT INTO t1 PARTITION (p2) VALUES (28, '(-0,0)');
INSERT INTO t1 PARTITION (p2) VALUES (29, '(12.0,-14.0)');
INSERT INTO t1 PARTITION (p3) VALUES (30, '(-27.0,28.0)');
INSERT INTO t1 PARTITION (p3) VALUES (31, '(0,0)');
INSERT INTO t1 PARTITION (p3) VALUES (32, '(34.0,-36.0)');
INSERT INTO t1 PARTITION (p3) VALUES (33, '(-0,-0)');
SELECT * FROM t1 ORDER BY id;
id	val
1	(15,20)
2	(0,0)
3	(-7.5,-8.5)
4	(0,0)
5	(22,-13)
6	(0,0)
7	(-18,9)
8	(3.5,4.2)
9	(0,0)
10	(11.5,-12.5)
11	(0,0)
12	(-25,-30)
13	(19,21)
14	(0,0)
15	(7,-5)
16	(-14,16)
17	(0,0)
18	(26,28)
19	(-9.5,11.5)
20	(0,0)
21	(33,-35)
22	(0,0)
23	(-22,24)
24	(17.5,19.5)
25	(0,0)
26	(-31,-32)
27	(29,30)
28	(0,0)
29	(12,-14)
30	(-27,28)
31	(0,0)
32	(34,-36)
33	(0,0)
SELECT * FROM t1 ORDER BY val, id;
id	val
26	(-31,-32)
30	(-27,28)
12	(-25,-30)
23	(-22,24)
7	(-18,9)
16	(-14,16)
19	(-9.5,11.5)
3	(-7.5,-8.5)
2	(0,0)
4	(0,0)
6	(0,0)
9	(0,0)
11	(0,0)
14	(0,0)
17	(0,0)
20	(0,0)
22	(0,0)
25	(0,0)
28	(0,0)
31	(0,0)
33	(0,0)
8	(3.5,4.2)
15	(7,-5)
10	(11.5,-12.5)
29	(12,-14)
1	(15,20)
24	(17.5,19.5)
13	(19,21)
5	(22,-13)
18	(26,28)
27	(29,30)
21	(33,-35)
32	(34,-36)
SELECT * FROM t1 PARTITION (p0) ORDER BY val, id;
id	val
7	(-18,9)
3	(-7.5,-8.5)
2	(0,0)
4	(0,0)
6	(0,0)
9	(0,0)
8	(3.5,4.2)
1	(15,20)
5	(22,-13)
SELECT * FROM t1 PARTITION (p1) ORDER BY id;
id	val
10	(11.5,-12.5)
11	(0,0)
12	(-25,-30)
13	(19,21)
14	(0,0)
15	(7,-5)
16	(-14,16)
17	(0,0)
18	(26,28)
19	(-9.5,11.5)
SELECT * FROM t1 PARTITION (p2) ORDER BY id;
id	val
20	(0,0)
21	(33,-35)
22	(0,0)
23	(-22,24)
24	(17.5,19.5)
25	(0,0)
26	(-31,-32)
27	(29,30)
28	(0,0)
29	(12,-14)
SELECT * FROM t1 PARTITION (p3) ORDER BY id;
id	val
30	(-27,28)
31	(0,0)
32	(34,-36)
33	(0,0)
DROP TABLE t1;
CREATE TABLE t2 (
id INT,
val_a COMPLEX,
val_b COMPLEX,
val_c COMPLEX
)
PARTITION BY RANGE (id) (
PARTITION p0 VALUES LESS THAN (10),
PARTITION p1 VALUES LESS THAN (20),
PARTITION p2 VALUES LESS THAN (30),
PARTITION p3 VALUES LESS THAN (40)
);
INSERT INTO t2 PARTITION (p0) VALUES (1, '(1.0,2.0)', '(3.0,4.0)', '(5.0,6.0)');
INSERT INTO t2 PARTITION (p0) VALUES (2, '(0,0)', '(-0,0)', '(0,-0)');
INSERT INTO t2 PARTITION (p0) VALUES (3, '(-7.0,8.0)', '(9.0,-10.0)', '(-11.0,-12.0)');
INSERT INTO t2 PARTITION (p1) VALUES (10, '(13.5,14.5)', '(-15.5,16.5)', '(17.5,-18.5)');
INSERT INTO t2 PARTITION (p1) VALUES (11, '(-19.0,-20.0)', '(21.0,22.0)', '(-23.0,24.0)');
INSERT INTO t2 PARTITION (p1) VALUES (12, '(0,-0)', '(24.0,-25.0)', '(-0,0)');
INSERT INTO t2 PARTITION (p2) VALUES (20, '(26.0,27.0)', '(-0,-0)', '(28.0,29.0)');
INSERT INTO t2 PARTITION (p2) VALUES (21, '(-30.0,31.0)', '(32.0,33.0)', '(0,0)');
INSERT INTO t2 PARTITION (p2) VALUES (22, '(34.0,-35.0)', '(0,0)', '(-36.0,-37.0)');
INSERT INTO t2 PARTITION (p3) VALUES (30, '(-0,0)', '(-38.0,39.0)', '(40.0,-41.0)');
INSERT INTO t2 PARTITION (p3) VALUES (31, '(42.0,43.0)', '(0,-0)', '(-44.0,45.0)');
INSERT INTO t2 PARTITION (p3) VALUES (32, '(-46.0,-47.0)', '(48.0,49.0)', '(-0,-0)');
SELECT * FROM t2 ORDER BY id;
id	val_a	val_b	val_c
1	(1,2)	(3,4)	(5,6)
2	(0,0)	(0,0)	(0,0)
3	(-7,8)	(9,-10)	(-11,-12)
10	(13.5,14.5)	(-15.5,16.5)	(17.5,-18.5)
11	(-19,-20)	(21,22)	(-23,24)
12	(0,0)	(24,-25)	(0,0)
20	(26,27)	(0,0)	(28,29)
21	(-30,31)	(32,33)	(0,0)
22	(34,-35)	(0,0)	(-36,-37)
30	(0,0)	(-38,39)	(40,-41)
31	(42,43)	(0,0)	(-44,45)
32	(-46,-47)	(48,49)	(0,0)
SELECT * FROM t2 ORDER BY val_a, val_b;
id	val_a	val_b	val_c
32	(-46,-47)	(48,49)	(0,0)
21	(-30,31)	(32,33)	(0,0)
11	(-19,-20)	(21,22)	(-23,24)
3	(-7,8)	(9,-10)	(-11,-12)
30	(0,0)	(-38,39)	(40,-41)
2	(0,0)	(0,0)	(0,0)
12	(0,0)	(24,-25)	(0,0)
1	(1,2)	(3,4)	(5,6)
10	(13.5,14.5)	(-15.5,16.5)	(17.5,-18.5)
20	(26,27)	(0,0)	(28,29)
22	(34,-35)	(0,0)	(-36,-37)
31	(42,43)	(0,0)	(-44,45)
SELECT * FROM t2 ORDER BY val_b, val_c;
id	val_a	val_b	val_c
30	(0,0)	(-38,39)	(40,-41)
10	(13.5,14.5)	(-15.5,16.5)	(17.5,-18.5)
31	(42,43)	(0,0)	(-44,45)
22	(34,-35)	(0,0)	(-36,-37)
2	(0,0)	(0,0)	(0,0)
20	(26,27)	(0,0)	(28,29)
1	(1,2)	(3,4)	(5,6)
3	(-7,8)	(9,-10)	(-11,-12)
11	(-19,-20)	(21,22)	(-23,24)
12	(0,0)	(24,-25)	(0,0)
21	(-30,31)	(32,33)	(0,0)
32	(-46,-47)	(48,49)	(0,0)
SELECT * FROM t2 PARTITION (p0) ORDER BY id;
id	val_a	val_b	val_c
1	(1,2)	(3,4)	(5,6)
2	(0,0)	(0,0)	(0,0)
3	(-7,8)	(9,-10)	(-11,-12)
SELECT * FROM t2 PARTITION (p1) ORDER BY val_a, id;
id	val_a	val_b	val_c
11	(-19,-20)	(21,22)	(-23,24)
12	(0,0)	(24,-25)	(0,0)
10	(13.5,14.5)	(-15.5,16.5)	(17.5,-18.5)
SELECT * FROM t2 PARTITION (p2) ORDER BY id;
id	val_a	val_b	val_c
20	(26,27)	(0,0)	(28,29)
21	(-30,31)	(32,33)	(0,0)
22	(34,-35)	(0,0)	(-36,-37)
SELECT * FROM t2 PARTITION (p3) ORDER BY id;
id	val_a	val_b	val_c
30	(0,0)	(-38,39)	(40,-41)
31	(42,43)	(0,0)	(-44,45)
32	(-46,-47)	(48,49)	(0,0)
DROP TABLE t2;
