CREATE TABLE t1 (
id INT PRIMARY KEY,
val COMPLEX
);
INSERT INTO t1 VALUES (1, '(1.0,2.0)');
INSERT INTO t1 (id, val) VALUES (2, '(0,0)');
INSERT INTO t1 VALUES (3, '(-3.5,1.2)');
INSERT INTO t1 (id, val) VALUES (4, '(-0,0)');
INSERT INTO t1 VALUES (5, '(5.0,-6.0)');
INSERT INTO t1 (id, val) VALUES (6, '(0,-0)');
INSERT INTO t1 VALUES (7, '(-7.5,-8.5)');
INSERT INTO t1 (id, val) VALUES (8, '(-0,-0)');
INSERT INTO t1 VALUES (9, '(9.0,10.0)');
INSERT INTO t1 (id, val) VALUES (10, '(11.5,-12.5)');
INSERT INTO t1 VALUES (11, '(-13.0,14.0)');
INSERT INTO t1 (id, val) VALUES (12, '(15.5,16.5)');
INSERT INTO t1 VALUES (13, '(-17.0,-18.0)');
INSERT INTO t1 (id, val) VALUES (14, '(19.0,20.0)');
INSERT INTO t1 VALUES (15, '(21.5,-22.5)');
INSERT INTO t1 (id, val) VALUES (16, '(-23.0,24.0)');
INSERT INTO t1 VALUES (17, '(25.0,26.0)');
INSERT INTO t1 (id, val) VALUES (18, '(-27.5,-28.5)');
INSERT INTO t1 VALUES (19, '(29.0,30.0)');
INSERT INTO t1 (id, val) VALUES (20, '(-31.5,32.5)');
SELECT * FROM t1 ORDER BY id;
id	val
1	(1,2)
2	(0,0)
3	(-3.5,1.2)
4	(0,0)
5	(5,-6)
6	(0,0)
7	(-7.5,-8.5)
8	(0,0)
9	(9,10)
10	(11.5,-12.5)
11	(-13,14)
12	(15.5,16.5)
13	(-17,-18)
14	(19,20)
15	(21.5,-22.5)
16	(-23,24)
17	(25,26)
18	(-27.5,-28.5)
19	(29,30)
20	(-31.5,32.5)
SELECT * FROM t1 ORDER BY val, id;
id	val
20	(-31.5,32.5)
18	(-27.5,-28.5)
16	(-23,24)
13	(-17,-18)
11	(-13,14)
7	(-7.5,-8.5)
3	(-3.5,1.2)
2	(0,0)
4	(0,0)
6	(0,0)
8	(0,0)
1	(1,2)
5	(5,-6)
9	(9,10)
10	(11.5,-12.5)
12	(15.5,16.5)
14	(19,20)
15	(21.5,-22.5)
17	(25,26)
19	(29,30)
DROP TABLE t1;
CREATE TABLE t2 (
id INT PRIMARY KEY,
val_a COMPLEX,
val_b COMPLEX,
val_c COMPLEX,
val_d COMPLEX
);
INSERT INTO t2 VALUES (1, '(1.0,2.0)', '(3.0,4.0)', '(5.0,6.0)', '(7.0,8.0)');
INSERT INTO t2 (id, val_a, val_b, val_c, val_d) VALUES (2, '(0,0)', '(-0,0)', '(0,-0)', '(-0,-0)');
INSERT INTO t2 VALUES (3, '(1.0,2.0)', '(11.0,-12.0)', '(-13.0,-14.0)', '(15.0,16.0)');
INSERT INTO t2 (id, val_a, val_b, val_c, val_d) VALUES (4, '(17.5,18.5)', '(-19.5,20.5)', '(21.5,-22.5)', '(-23.5,-24.5)');
INSERT INTO t2 VALUES (5, '(25.0,26.0)', '(27.0,28.0)', '(-29.0,30.0)', '(31.0,-32.0)');
INSERT INTO t2 (id, val_a, val_b, val_c, val_d) VALUES (6, '(17.5,18.5)', '(35.0,36.0)', '(37.0,-38.0)', '(-39.0,40.0)');
INSERT INTO t2 VALUES (7, '(25.0,26.0)', '(-43.5,-44.5)', '(45.5,46.5)', '(47.5,-48.5)');
INSERT INTO t2 (id, val_a, val_b, val_c, val_d) VALUES (8, '(1.0,2.0)', '(51.0,52.0)', '(-53.0,-54.0)', '(55.0,56.0)');
SELECT * FROM t2 ORDER BY id;
id	val_a	val_b	val_c	val_d
1	(1,2)	(3,4)	(5,6)	(7,8)
2	(0,0)	(0,0)	(0,0)	(0,0)
3	(1,2)	(11,-12)	(-13,-14)	(15,16)
4	(17.5,18.5)	(-19.5,20.5)	(21.5,-22.5)	(-23.5,-24.5)
5	(25,26)	(27,28)	(-29,30)	(31,-32)
6	(17.5,18.5)	(35,36)	(37,-38)	(-39,40)
7	(25,26)	(-43.5,-44.5)	(45.5,46.5)	(47.5,-48.5)
8	(1,2)	(51,52)	(-53,-54)	(55,56)
SELECT * FROM t2 ORDER BY val_a, val_b, val_c;
id	val_a	val_b	val_c	val_d
2	(0,0)	(0,0)	(0,0)	(0,0)
1	(1,2)	(3,4)	(5,6)	(7,8)
3	(1,2)	(11,-12)	(-13,-14)	(15,16)
8	(1,2)	(51,52)	(-53,-54)	(55,56)
4	(17.5,18.5)	(-19.5,20.5)	(21.5,-22.5)	(-23.5,-24.5)
6	(17.5,18.5)	(35,36)	(37,-38)	(-39,40)
7	(25,26)	(-43.5,-44.5)	(45.5,46.5)	(47.5,-48.5)
5	(25,26)	(27,28)	(-29,30)	(31,-32)
SELECT * FROM t2 ORDER BY val_b, val_c, val_d;
id	val_a	val_b	val_c	val_d
7	(25,26)	(-43.5,-44.5)	(45.5,46.5)	(47.5,-48.5)
4	(17.5,18.5)	(-19.5,20.5)	(21.5,-22.5)	(-23.5,-24.5)
2	(0,0)	(0,0)	(0,0)	(0,0)
1	(1,2)	(3,4)	(5,6)	(7,8)
3	(1,2)	(11,-12)	(-13,-14)	(15,16)
5	(25,26)	(27,28)	(-29,30)	(31,-32)
6	(17.5,18.5)	(35,36)	(37,-38)	(-39,40)
8	(1,2)	(51,52)	(-53,-54)	(55,56)
DROP TABLE t2;
