CREATE TABLE t1 (
id INT PRIMARY KEY,
val COMPLEX DEFAULT '(0.0,0.0)',
val_null COMPLEX
);
INSERT INTO t1 (id) VALUES (1);
INSERT INTO t1 (id, val) VALUES (2, '(1.0,2.0)');
INSERT INTO t1 (id, val) VALUES (3, '(0,0)');
INSERT INTO t1 (id, val) VALUES (4, '(-3.5,1.2)');
INSERT INTO t1 (id, val) VALUES (5, '(-0,0)');
INSERT INTO t1 (id, val) VALUES (6, '(5.0,-6.0)');
INSERT INTO t1 (id, val) VALUES (7, '(0,-0)');
INSERT INTO t1 (id, val) VALUES (8, '(-7.5,-8.5)');
INSERT INTO t1 (id, val) VALUES (9, '(-0,-0)');
INSERT INTO t1 (id, val) VALUES (10, '(9.0,10.0)');
INSERT INTO t1 (id, val_null) VALUES (11, '(11.0,12.0)');
INSERT INTO t1 (id, val_null) VALUES (12, '(-13.0,14.0)');
SELECT * FROM t1 ORDER BY id;
id	val	val_null
1	NULL	NULL
2	(1,2)	NULL
3	(0,0)	NULL
4	(-3.5,1.2)	NULL
5	(0,0)	NULL
6	(5,-6)	NULL
7	(0,0)	NULL
8	(-7.5,-8.5)	NULL
9	(0,0)	NULL
10	(9,10)	NULL
11	NULL	(11,12)
12	NULL	(-13,14)
Warnings:
Warning	1366	Incorrect COMPLEX value: '(0.0,0.0)' for column 'val' at row 1
Warning	1366	Incorrect COMPLEX value: '(0.0,0.0)' for column 'val' at row 11
Warning	1366	Incorrect COMPLEX value: '(0.0,0.0)' for column 'val' at row 12
DROP TABLE t1;
CREATE TABLE t2 (
id INT PRIMARY KEY,
val COMPLEX NOT NULL,
val_optional COMPLEX
);
INSERT INTO t2 (id, val) VALUES (1, '(1.0,2.0)');
INSERT INTO t2 (id, val) VALUES (2, '(-3.0,4.0)');
INSERT INTO t2 (id, val, val_optional) VALUES (3, '(5.0,-6.0)', '(7.0,8.0)');
INSERT INTO t2 (id, val, val_optional) VALUES (4, '(-9.0,-10.0)', '(0,0)');
INSERT INTO t2 (id, val) VALUES (5, '(11.0,12.0)');
INSERT INTO t2 (id, val_optional) VALUES (99, '(99.0,99.0)');
ERROR HY000: Field 'val' doesn't have a default value
INSERT INTO t2 (id, val, val_optional) VALUES (98, NULL, '(98.0,98.0)');
ERROR 23000: Column 'val' cannot be null
SELECT * FROM t2 ORDER BY id;
id	val	val_optional
1	(1,2)	NULL
2	(-3,4)	NULL
3	(5,-6)	(7,8)
4	(-9,-10)	(0,0)
5	(11,12)	NULL
DROP TABLE t2;
