CREATE TABLE t1 (
id INT PRIMARY KEY,
val COMPLEX
);
INSERT IGNORE INTO t1 VALUES (1, '(15.0,20.0)');
INSERT IGNORE INTO t1 VALUES (2, '(-0,0)');
INSERT IGNORE INTO t1 VALUES (3, '(-7.5,-8.5)');
INSERT IGNORE INTO t1 VALUES (4, '(0,0)');
INSERT IGNORE INTO t1 VALUES (5, '(22.0,-13.0)');
INSERT IGNORE INTO t1 VALUES (6, '(0,-0)');
INSERT IGNORE INTO t1 VALUES (7, '(-18.0,9.0)');
INSERT IGNORE INTO t1 VALUES (8, '(3.5,4.2)');
INSERT IGNORE INTO t1 VALUES (9, '(-0,-0)');
INSERT IGNORE INTO t1 VALUES (10, '(11.5,-12.5)');
INSERT IGNORE INTO t1 VALUES (11, '(0,0)');
INSERT IGNORE INTO t1 VALUES (12, '(-25.0,-30.0)');
INSERT IGNORE INTO t1 VALUES (13, '(19.0,21.0)');
INSERT IGNORE INTO t1 VALUES (14, '(-0,0)');
INSERT IGNORE INTO t1 VALUES (15, '(7.0,-5.0)');
INSERT IGNORE INTO t1 VALUES (16, '(-14.0,16.0)');
INSERT IGNORE INTO t1 VALUES (17, '(0,-0)');
INSERT IGNORE INTO t1 VALUES (18, '(26.0,28.0)');
INSERT IGNORE INTO t1 VALUES (19, '(-9.5,11.5)');
INSERT IGNORE INTO t1 VALUES (20, '(-0,-0)');
INSERT IGNORE INTO t1 VALUES (21, '(33.0,-35.0)');
INSERT IGNORE INTO t1 VALUES (22, '(0,0)');
INSERT IGNORE INTO t1 VALUES (23, '(-22.0,24.0)');
INSERT IGNORE INTO t1 VALUES (24, '(17.5,19.5)');
INSERT IGNORE INTO t1 VALUES (25, '(0,-0)');
INSERT IGNORE INTO t1 VALUES (26, '(-31.0,-32.0)');
INSERT IGNORE INTO t1 VALUES (27, '(29.0,30.0)');
INSERT IGNORE INTO t1 VALUES (28, '(-0,0)');
INSERT IGNORE INTO t1 VALUES (29, '(12.0,-14.0)');
INSERT IGNORE INTO t1 VALUES (30, '(-27.0,28.0)');
INSERT IGNORE INTO t1 VALUES (1, '(999.0,999.0)');
Warnings:
Warning	1062	Duplicate entry '1' for key 't1.PRIMARY'
INSERT IGNORE INTO t1 VALUES (5, '(888.0,888.0)');
Warnings:
Warning	1062	Duplicate entry '5' for key 't1.PRIMARY'
INSERT IGNORE INTO t1 VALUES (10, '(777.0,777.0)');
Warnings:
Warning	1062	Duplicate entry '10' for key 't1.PRIMARY'
INSERT IGNORE INTO t1 VALUES (15, '(666.0,666.0)');
Warnings:
Warning	1062	Duplicate entry '15' for key 't1.PRIMARY'
INSERT IGNORE INTO t1 VALUES (20, '(555.0,555.0)');
Warnings:
Warning	1062	Duplicate entry '20' for key 't1.PRIMARY'
INSERT IGNORE INTO t1 VALUES (31, '(0,0)');
INSERT IGNORE INTO t1 VALUES (32, '(34.0,-36.0)');
INSERT IGNORE INTO t1 VALUES (33, '(-0,-0)');
SELECT * FROM t1 ORDER BY id;
id	val
1	(15,20)
2	(0,0)
3	(-7.5,-8.5)
4	(0,0)
5	(22,-13)
6	(0,0)
7	(-18,9)
8	(3.5,4.2)
9	(0,0)
10	(11.5,-12.5)
11	(0,0)
12	(-25,-30)
13	(19,21)
14	(0,0)
15	(7,-5)
16	(-14,16)
17	(0,0)
18	(26,28)
19	(-9.5,11.5)
20	(0,0)
21	(33,-35)
22	(0,0)
23	(-22,24)
24	(17.5,19.5)
25	(0,0)
26	(-31,-32)
27	(29,30)
28	(0,0)
29	(12,-14)
30	(-27,28)
31	(0,0)
32	(34,-36)
33	(0,0)
SELECT * FROM t1 ORDER BY val, id;
id	val
26	(-31,-32)
30	(-27,28)
12	(-25,-30)
23	(-22,24)
7	(-18,9)
16	(-14,16)
19	(-9.5,11.5)
3	(-7.5,-8.5)
2	(0,0)
4	(0,0)
6	(0,0)
9	(0,0)
11	(0,0)
14	(0,0)
17	(0,0)
20	(0,0)
22	(0,0)
25	(0,0)
28	(0,0)
31	(0,0)
33	(0,0)
8	(3.5,4.2)
15	(7,-5)
10	(11.5,-12.5)
29	(12,-14)
1	(15,20)
24	(17.5,19.5)
13	(19,21)
5	(22,-13)
18	(26,28)
27	(29,30)
21	(33,-35)
32	(34,-36)
DROP TABLE t1;
CREATE TABLE t2 (
id INT PRIMARY KEY,
val_a COMPLEX,
val_b COMPLEX,
val_c COMPLEX
);
INSERT IGNORE INTO t2 VALUES (1, '(1.0,2.0)', '(3.0,4.0)', '(5.0,6.0)');
INSERT IGNORE INTO t2 VALUES (2, '(0,0)', '(-0,0)', '(0,-0)');
INSERT IGNORE INTO t2 VALUES (3, '(-7.0,8.0)', '(9.0,-10.0)', '(-11.0,-12.0)');
INSERT IGNORE INTO t2 VALUES (4, '(13.5,14.5)', '(-15.5,16.5)', '(17.5,-18.5)');
INSERT IGNORE INTO t2 VALUES (5, '(-19.0,-20.0)', '(21.0,22.0)', '(-23.0,24.0)');
INSERT IGNORE INTO t2 VALUES (6, '(0,-0)', '(24.0,-25.0)', '(-0,0)');
INSERT IGNORE INTO t2 VALUES (7, '(26.0,27.0)', '(-0,-0)', '(28.0,29.0)');
INSERT IGNORE INTO t2 VALUES (8, '(-30.0,31.0)', '(32.0,33.0)', '(0,0)');
INSERT IGNORE INTO t2 VALUES (9, '(34.0,-35.0)', '(0,0)', '(-36.0,-37.0)');
INSERT IGNORE INTO t2 VALUES (10, '(-0,0)', '(-38.0,39.0)', '(40.0,-41.0)');
INSERT IGNORE INTO t2 VALUES (11, '(42.0,43.0)', '(0,-0)', '(-44.0,45.0)');
INSERT IGNORE INTO t2 VALUES (12, '(-46.0,-47.0)', '(48.0,49.0)', '(-0,-0)');
INSERT IGNORE INTO t2 VALUES (13, '(0,0)', '(-50.0,-51.0)', '(52.0,53.0)');
INSERT IGNORE INTO t2 VALUES (14, '(54.0,-55.0)', '(56.0,57.0)', '(0,-0)');
INSERT IGNORE INTO t2 VALUES (15, '(-58.0,59.0)', '(-0,0)', '(-60.0,-61.0)');
INSERT IGNORE INTO t2 VALUES (16, '(62.0,63.0)', '(64.0,-65.0)', '(0,0)');
INSERT IGNORE INTO t2 VALUES (17, '(-0,-0)', '(66.0,67.0)', '(-68.0,69.0)');
INSERT IGNORE INTO t2 VALUES (18, '(70.0,-71.0)', '(-72.0,-73.0)', '(0,-0)');
INSERT IGNORE INTO t2 VALUES (19, '(-74.0,75.0)', '(0,0)', '(76.0,77.0)');
INSERT IGNORE INTO t2 VALUES (20, '(0,-0)', '(-78.0,79.0)', '(-0,0)');
INSERT IGNORE INTO t2 VALUES (21, '(80.0,81.0)', '(82.0,-83.0)', '(-0,-0)');
INSERT IGNORE INTO t2 VALUES (22, '(-84.0,-85.0)', '(0,-0)', '(86.0,87.0)');
INSERT IGNORE INTO t2 VALUES (23, '(88.0,89.0)', '(-90.0,91.0)', '(0,0)');
INSERT IGNORE INTO t2 VALUES (24, '(-0,0)', '(92.0,93.0)', '(-94.0,-95.0)');
INSERT IGNORE INTO t2 VALUES (25, '(96.0,-97.0)', '(-0,-0)', '(98.0,99.0)');
INSERT IGNORE INTO t2 VALUES (26, '(-100.0,101.0)', '(102.0,103.0)', '(0,-0)');
INSERT IGNORE INTO t2 VALUES (27, '(0,0)', '(-104.0,-105.0)', '(-0,0)');
INSERT IGNORE INTO t2 VALUES (28, '(106.0,107.0)', '(108.0,-109.0)', '(-0,-0)');
INSERT IGNORE INTO t2 VALUES (29, '(-110.0,-111.0)', '(0,0)', '(112.0,113.0)');
INSERT IGNORE INTO t2 VALUES (30, '(114.0,115.0)', '(-116.0,117.0)', '(0,0)');
INSERT IGNORE INTO t2 VALUES (1, '(999.0,999.0)', '(999.0,999.0)', '(999.0,999.0)');
Warnings:
Warning	1062	Duplicate entry '1' for key 't2.PRIMARY'
INSERT IGNORE INTO t2 VALUES (10, '(888.0,888.0)', '(888.0,888.0)', '(888.0,888.0)');
Warnings:
Warning	1062	Duplicate entry '10' for key 't2.PRIMARY'
INSERT IGNORE INTO t2 VALUES (20, '(777.0,777.0)', '(777.0,777.0)', '(777.0,777.0)');
Warnings:
Warning	1062	Duplicate entry '20' for key 't2.PRIMARY'
INSERT IGNORE INTO t2 VALUES (31, '(-0,-0)', '(0,-0)', '(-118.0,-119.0)');
INSERT IGNORE INTO t2 VALUES (32, '(120.0,-121.0)', '(-0,0)', '(122.0,123.0)');
INSERT IGNORE INTO t2 VALUES (33, '(-124.0,125.0)', '(126.0,127.0)', '(0,-0)');
SELECT * FROM t2 ORDER BY id;
id	val_a	val_b	val_c
1	(1,2)	(3,4)	(5,6)
2	(0,0)	(0,0)	(0,0)
3	(-7,8)	(9,-10)	(-11,-12)
4	(13.5,14.5)	(-15.5,16.5)	(17.5,-18.5)
5	(-19,-20)	(21,22)	(-23,24)
6	(0,0)	(24,-25)	(0,0)
7	(26,27)	(0,0)	(28,29)
8	(-30,31)	(32,33)	(0,0)
9	(34,-35)	(0,0)	(-36,-37)
10	(0,0)	(-38,39)	(40,-41)
11	(42,43)	(0,0)	(-44,45)
12	(-46,-47)	(48,49)	(0,0)
13	(0,0)	(-50,-51)	(52,53)
14	(54,-55)	(56,57)	(0,0)
15	(-58,59)	(0,0)	(-60,-61)
16	(62,63)	(64,-65)	(0,0)
17	(0,0)	(66,67)	(-68,69)
18	(70,-71)	(-72,-73)	(0,0)
19	(-74,75)	(0,0)	(76,77)
20	(0,0)	(-78,79)	(0,0)
21	(80,81)	(82,-83)	(0,0)
22	(-84,-85)	(0,0)	(86,87)
23	(88,89)	(-90,91)	(0,0)
24	(0,0)	(92,93)	(-94,-95)
25	(96,-97)	(0,0)	(98,99)
26	(-100,101)	(102,103)	(0,0)
27	(0,0)	(-104,-105)	(0,0)
28	(106,107)	(108,-109)	(0,0)
29	(-110,-111)	(0,0)	(112,113)
30	(114,115)	(-116,117)	(0,0)
31	(0,0)	(0,0)	(-118,-119)
32	(120,-121)	(0,0)	(122,123)
33	(-124,125)	(126,127)	(0,0)
SELECT * FROM t2 ORDER BY val_a, val_b, val_c;
id	val_a	val_b	val_c
33	(-124,125)	(126,127)	(0,0)
29	(-110,-111)	(0,0)	(112,113)
26	(-100,101)	(102,103)	(0,0)
22	(-84,-85)	(0,0)	(86,87)
19	(-74,75)	(0,0)	(76,77)
15	(-58,59)	(0,0)	(-60,-61)
12	(-46,-47)	(48,49)	(0,0)
8	(-30,31)	(32,33)	(0,0)
5	(-19,-20)	(21,22)	(-23,24)
3	(-7,8)	(9,-10)	(-11,-12)
27	(0,0)	(-104,-105)	(0,0)
20	(0,0)	(-78,79)	(0,0)
13	(0,0)	(-50,-51)	(52,53)
10	(0,0)	(-38,39)	(40,-41)
31	(0,0)	(0,0)	(-118,-119)
2	(0,0)	(0,0)	(0,0)
6	(0,0)	(24,-25)	(0,0)
17	(0,0)	(66,67)	(-68,69)
24	(0,0)	(92,93)	(-94,-95)
1	(1,2)	(3,4)	(5,6)
4	(13.5,14.5)	(-15.5,16.5)	(17.5,-18.5)
7	(26,27)	(0,0)	(28,29)
9	(34,-35)	(0,0)	(-36,-37)
11	(42,43)	(0,0)	(-44,45)
14	(54,-55)	(56,57)	(0,0)
16	(62,63)	(64,-65)	(0,0)
18	(70,-71)	(-72,-73)	(0,0)
21	(80,81)	(82,-83)	(0,0)
23	(88,89)	(-90,91)	(0,0)
25	(96,-97)	(0,0)	(98,99)
28	(106,107)	(108,-109)	(0,0)
30	(114,115)	(-116,117)	(0,0)
32	(120,-121)	(0,0)	(122,123)
SELECT * FROM t2 ORDER BY val_b, val_c;
id	val_a	val_b	val_c
30	(114,115)	(-116,117)	(0,0)
27	(0,0)	(-104,-105)	(0,0)
23	(88,89)	(-90,91)	(0,0)
20	(0,0)	(-78,79)	(0,0)
18	(70,-71)	(-72,-73)	(0,0)
13	(0,0)	(-50,-51)	(52,53)
10	(0,0)	(-38,39)	(40,-41)
4	(13.5,14.5)	(-15.5,16.5)	(17.5,-18.5)
31	(0,0)	(0,0)	(-118,-119)
15	(-58,59)	(0,0)	(-60,-61)
11	(42,43)	(0,0)	(-44,45)
9	(34,-35)	(0,0)	(-36,-37)
2	(0,0)	(0,0)	(0,0)
7	(26,27)	(0,0)	(28,29)
19	(-74,75)	(0,0)	(76,77)
22	(-84,-85)	(0,0)	(86,87)
25	(96,-97)	(0,0)	(98,99)
29	(-110,-111)	(0,0)	(112,113)
32	(120,-121)	(0,0)	(122,123)
1	(1,2)	(3,4)	(5,6)
3	(-7,8)	(9,-10)	(-11,-12)
5	(-19,-20)	(21,22)	(-23,24)
6	(0,0)	(24,-25)	(0,0)
8	(-30,31)	(32,33)	(0,0)
12	(-46,-47)	(48,49)	(0,0)
14	(54,-55)	(56,57)	(0,0)
16	(62,63)	(64,-65)	(0,0)
17	(0,0)	(66,67)	(-68,69)
21	(80,81)	(82,-83)	(0,0)
24	(0,0)	(92,93)	(-94,-95)
26	(-100,101)	(102,103)	(0,0)
28	(106,107)	(108,-109)	(0,0)
33	(-124,125)	(126,127)	(0,0)
DROP TABLE t2;
