CREATE TABLE t1 (
id INT PRIMARY KEY,
id2 INT
);
INSERT INTO t1 VALUES (1, -1);
SELECT * FROM villagesql.custom_columns;
db_name	table_name	column_name	extension_name	extension_version	type_name
SHOW CREATE TABLE t1;
Table	Create Table
t1	CREATE TABLE `t1` (
  `id` int NOT NULL,
  `id2` int DEFAULT NULL,
  PRIMARY KEY (`id`)
) ENGINE=InnoDB DEFAULT CHARSET=utf8mb4 COLLATE=utf8mb4_0900_ai_ci
ALTER TABLE t1 DROP PRIMARY KEY, ADD PRIMARY KEY(id2), ADD COLUMN c COMPLEX;
SELECT * FROM villagesql.custom_columns;
db_name	table_name	column_name	extension_name	extension_version	type_name
test	t1	c	vsql_complex	0.0.1	COMPLEX
SHOW CREATE TABLE t1;
Table	Create Table
t1	CREATE TABLE `t1` (
  `id` int NOT NULL,
  `id2` int NOT NULL,
  `c` vsql_complex.COMPLEX DEFAULT NULL,
  PRIMARY KEY (`id2`)
) ENGINE=InnoDB DEFAULT CHARSET=utf8mb4 COLLATE=utf8mb4_0900_ai_ci
INSERT INTO t1 VALUES (2, -2, '(2.0,1.0)');
INSERT INTO t1 VALUES (7, -7, '(-1.2,3.5)');
SELECT * FROM t1;
id	id2	c
7	-7	(-1.2,3.5)
2	-2	(2,1)
1	-1	NULL
DROP TABLE t1;
SELECT * FROM villagesql.custom_columns;
db_name	table_name	column_name	extension_name	extension_version	type_name
include/rpl/deprecated/show_binlog_events.inc
Log_name	Pos	Event_type	Server_id	End_log_pos	Info
#	#	Query	#	#	use `test`; CREATE TABLE t1 (
id INT PRIMARY KEY,
id2 INT
)
#	#	Query	#	#	BEGIN
#	#	Table_map	#	#	table_id: # (test.t1)
#	#	Write_rows	#	#	table_id: # flags: STMT_END_F
#	#	Xid	#	#	COMMIT /* XID */
#	#	Query	#	#	use `test`; ALTER TABLE t1 DROP PRIMARY KEY, ADD PRIMARY KEY(id2), ADD COLUMN c COMPLEX
#	#	Query	#	#	BEGIN
#	#	Table_map	#	#	table_id: # (test.t1)
#	#	Write_rows	#	#	table_id: # flags: STMT_END_F
#	#	Xid	#	#	COMMIT /* XID */
#	#	Query	#	#	BEGIN
#	#	Table_map	#	#	table_id: # (test.t1)
#	#	Write_rows	#	#	table_id: # flags: STMT_END_F
#	#	Xid	#	#	COMMIT /* XID */
#	#	Query	#	#	use `test`; DROP TABLE `t1` /* generated by server */
