CREATE TABLE t1 (
id INT PRIMARY KEY,
name VARCHAR(50)
);
INSERT INTO t1 VALUES (1, 'test1');
INSERT INTO t1 VALUES (2, 'test2');
SHOW CREATE TABLE t1;
Table	Create Table
t1	CREATE TABLE `t1` (
  `id` int NOT NULL,
  `name` varchar(50) DEFAULT NULL,
  PRIMARY KEY (`id`)
) ENGINE=InnoDB DEFAULT CHARSET=utf8mb4 COLLATE=utf8mb4_0900_ai_ci
ALTER TABLE t1 ADD COLUMN complex_val COMPLEX DEFAULT '(1.0,0.0)';
SHOW CREATE TABLE t1;
Table	Create Table
t1	CREATE TABLE `t1` (
  `id` int NOT NULL,
  `name` varchar(50) DEFAULT NULL,
  `complex_val` vsql_complex.COMPLEX DEFAULT '(1,0)',
  PRIMARY KEY (`id`)
) ENGINE=InnoDB DEFAULT CHARSET=utf8mb4 COLLATE=utf8mb4_0900_ai_ci
SELECT * FROM t1;
id	name	complex_val
1	test1	(1,0)
2	test2	(1,0)
INSERT INTO t1 (id, name) VALUES (3, 'test3');
SELECT * FROM t1;
id	name	complex_val
1	test1	(1,0)
2	test2	(1,0)
3	test3	(1,0)
DROP TABLE t1;
include/rpl/deprecated/show_binlog_events.inc
Log_name	Pos	Event_type	Server_id	End_log_pos	Info
#	#	Query	#	#	use `test`; CREATE TABLE t1 (
id INT PRIMARY KEY,
name VARCHAR(50)
)
#	#	Query	#	#	BEGIN
#	#	Table_map	#	#	table_id: # (test.t1)
#	#	Write_rows	#	#	table_id: # flags: STMT_END_F
#	#	Xid	#	#	COMMIT /* XID */
#	#	Query	#	#	BEGIN
#	#	Table_map	#	#	table_id: # (test.t1)
#	#	Write_rows	#	#	table_id: # flags: STMT_END_F
#	#	Xid	#	#	COMMIT /* XID */
#	#	Query	#	#	use `test`; ALTER TABLE t1 ADD COLUMN complex_val COMPLEX DEFAULT '(1.0,0.0)'
#	#	Query	#	#	BEGIN
#	#	Table_map	#	#	table_id: # (test.t1)
#	#	Write_rows	#	#	table_id: # flags: STMT_END_F
#	#	Xid	#	#	COMMIT /* XID */
#	#	Query	#	#	use `test`; DROP TABLE `t1` /* generated by server */
