CREATE TABLE t1 (
id INT PRIMARY KEY,
name VARCHAR(50),
value COMPLEX
);
INSERT INTO t1 VALUES (1, 'test1', '(1.0,2.0)');
INSERT INTO t1 VALUES (2, 'test2', '(3.5,-1.2)');
SHOW CREATE TABLE t1;
Table	Create Table
t1	CREATE TABLE `t1` (
  `id` int NOT NULL,
  `name` varchar(50) DEFAULT NULL,
  `value` vsql_complex.COMPLEX DEFAULT NULL,
  PRIMARY KEY (`id`)
) ENGINE=InnoDB DEFAULT CHARSET=utf8mb4 COLLATE=utf8mb4_0900_ai_ci
SELECT * FROM t1;
id	name	value
1	test1	(1,2)
2	test2	(3.5,-1.2)
ALTER TABLE t1 ALTER COLUMN value SET INVISIBLE;
SHOW CREATE TABLE t1;
Table	Create Table
t1	CREATE TABLE `t1` (
  `id` int NOT NULL,
  `name` varchar(50) DEFAULT NULL,
  `value` vsql_complex.COMPLEX DEFAULT NULL /*!80023 INVISIBLE */,
  PRIMARY KEY (`id`)
) ENGINE=InnoDB DEFAULT CHARSET=utf8mb4 COLLATE=utf8mb4_0900_ai_ci
SELECT * FROM t1;
id	name
1	test1
2	test2
ALTER TABLE t1 ALTER COLUMN value SET VISIBLE;
SHOW CREATE TABLE t1;
Table	Create Table
t1	CREATE TABLE `t1` (
  `id` int NOT NULL,
  `name` varchar(50) DEFAULT NULL,
  `value` vsql_complex.COMPLEX DEFAULT NULL,
  PRIMARY KEY (`id`)
) ENGINE=InnoDB DEFAULT CHARSET=utf8mb4 COLLATE=utf8mb4_0900_ai_ci
SELECT * FROM t1;
id	name	value
1	test1	(1,2)
2	test2	(3.5,-1.2)
DROP TABLE t1;
include/rpl/deprecated/show_binlog_events.inc
Log_name	Pos	Event_type	Server_id	End_log_pos	Info
#	#	Query	#	#	use `test`; CREATE TABLE `t1` (
  `id` int NOT NULL,
  `name` varchar(50) DEFAULT NULL,
  `value` vsql_complex.COMPLEX DEFAULT NULL,
  PRIMARY KEY (`id`)
)
#	#	Query	#	#	BEGIN
#	#	Table_map	#	#	table_id: # (test.t1)
#	#	Write_rows	#	#	table_id: # flags: STMT_END_F
#	#	Xid	#	#	COMMIT /* XID */
#	#	Query	#	#	BEGIN
#	#	Table_map	#	#	table_id: # (test.t1)
#	#	Write_rows	#	#	table_id: # flags: STMT_END_F
#	#	Xid	#	#	COMMIT /* XID */
#	#	Query	#	#	use `test`; ALTER TABLE t1 ALTER COLUMN value SET INVISIBLE
#	#	Query	#	#	use `test`; ALTER TABLE t1 ALTER COLUMN value SET VISIBLE
#	#	Query	#	#	use `test`; DROP TABLE `t1` /* generated by server */
