CREATE TABLE old_table1 (
id INT PRIMARY KEY,
value COMPLEX,
name VARCHAR(50)
);
CREATE TABLE old_table2 (
id INT PRIMARY KEY,
value DOUBLE,
name VARCHAR(50)
);
CREATE TABLE old_table3 (
id INT PRIMARY KEY,
value COMPLEX,
name VARCHAR(50)
);
SELECT * FROM villagesql.custom_columns;
db_name	table_name	column_name	extension_name	extension_version	type_name
test	old_table1	value	vsql_complex	0.0.1	COMPLEX
test	old_table3	value	vsql_complex	0.0.1	COMPLEX
INSERT INTO old_table1 VALUES (1, '(1.0,2.0)', 'test');
INSERT INTO old_table2 VALUES (1, '1.0', 'test');
INSERT INTO old_table3 VALUES (1, '(1.0,2.0)', 'test');
RENAME TABLE old_table1 TO new_table1,
old_table2 TO new_table2,
old_table3 TO new_table3;
SELECT * FROM villagesql.custom_columns;
db_name	table_name	column_name	extension_name	extension_version	type_name
test	new_table1	value	vsql_complex	0.0.1	COMPLEX
test	new_table3	value	vsql_complex	0.0.1	COMPLEX
SHOW CREATE TABLE new_table1;
Table	Create Table
new_table1	CREATE TABLE `new_table1` (
  `id` int NOT NULL,
  `value` vsql_complex.COMPLEX DEFAULT NULL,
  `name` varchar(50) DEFAULT NULL,
  PRIMARY KEY (`id`)
) ENGINE=InnoDB DEFAULT CHARSET=utf8mb4 COLLATE=utf8mb4_0900_ai_ci
SELECT * FROM new_table1;
id	value	name
1	(1,2)	test
SHOW CREATE TABLE new_table2;
Table	Create Table
new_table2	CREATE TABLE `new_table2` (
  `id` int NOT NULL,
  `value` double DEFAULT NULL,
  `name` varchar(50) DEFAULT NULL,
  PRIMARY KEY (`id`)
) ENGINE=InnoDB DEFAULT CHARSET=utf8mb4 COLLATE=utf8mb4_0900_ai_ci
SELECT * FROM new_table2;
id	value	name
1	1	test
SHOW CREATE TABLE new_table3;
Table	Create Table
new_table3	CREATE TABLE `new_table3` (
  `id` int NOT NULL,
  `value` vsql_complex.COMPLEX DEFAULT NULL,
  `name` varchar(50) DEFAULT NULL,
  PRIMARY KEY (`id`)
) ENGINE=InnoDB DEFAULT CHARSET=utf8mb4 COLLATE=utf8mb4_0900_ai_ci
SELECT * FROM new_table3;
id	value	name
1	(1,2)	test
DROP TABLE new_table1;
SELECT * FROM villagesql.custom_columns;
db_name	table_name	column_name	extension_name	extension_version	type_name
test	new_table3	value	vsql_complex	0.0.1	COMPLEX
DROP TABLE new_table2, new_table3;
SELECT * FROM villagesql.custom_columns;
db_name	table_name	column_name	extension_name	extension_version	type_name
include/rpl/deprecated/show_binlog_events.inc
Log_name	Pos	Event_type	Server_id	End_log_pos	Info
#	#	Query	#	#	use `test`; CREATE TABLE `old_table1` (
  `id` int NOT NULL,
  `value` vsql_complex.COMPLEX DEFAULT NULL,
  `name` varchar(50) DEFAULT NULL,
  PRIMARY KEY (`id`)
)
#	#	Query	#	#	use `test`; CREATE TABLE old_table2 (
id INT PRIMARY KEY,
value DOUBLE,
name VARCHAR(50)
)
#	#	Query	#	#	use `test`; CREATE TABLE `old_table3` (
  `id` int NOT NULL,
  `value` vsql_complex.COMPLEX DEFAULT NULL,
  `name` varchar(50) DEFAULT NULL,
  PRIMARY KEY (`id`)
)
#	#	Query	#	#	BEGIN
#	#	Table_map	#	#	table_id: # (test.old_table1)
#	#	Write_rows	#	#	table_id: # flags: STMT_END_F
#	#	Xid	#	#	COMMIT /* XID */
#	#	Query	#	#	BEGIN
#	#	Table_map	#	#	table_id: # (test.old_table2)
#	#	Write_rows	#	#	table_id: # flags: STMT_END_F
#	#	Xid	#	#	COMMIT /* XID */
#	#	Query	#	#	BEGIN
#	#	Table_map	#	#	table_id: # (test.old_table3)
#	#	Write_rows	#	#	table_id: # flags: STMT_END_F
#	#	Xid	#	#	COMMIT /* XID */
#	#	Query	#	#	use `test`; RENAME TABLE old_table1 TO new_table1,
old_table2 TO new_table2,
old_table3 TO new_table3
#	#	Query	#	#	use `test`; DROP TABLE `new_table1` /* generated by server */
#	#	Query	#	#	use `test`; DROP TABLE `new_table2`,`new_table3` /* generated by server */
