CREATE TABLE old_table (
id INT PRIMARY KEY,
value COMPLEX,
name VARCHAR(50)
);
SELECT * FROM villagesql.custom_columns;
db_name	table_name	column_name	extension_name	extension_version	type_name
test	old_table	value	vsql_complex	0.0.1	COMPLEX
INSERT INTO old_table VALUES (1, '(1.0,2.0)', 'test');
RENAME TABLE old_table TO new_table;
SELECT * FROM villagesql.custom_columns;
db_name	table_name	column_name	extension_name	extension_version	type_name
test	new_table	value	vsql_complex	0.0.1	COMPLEX
SHOW CREATE TABLE new_table;
Table	Create Table
new_table	CREATE TABLE `new_table` (
  `id` int NOT NULL,
  `value` vsql_complex.COMPLEX DEFAULT NULL,
  `name` varchar(50) DEFAULT NULL,
  PRIMARY KEY (`id`)
) ENGINE=InnoDB DEFAULT CHARSET=utf8mb4 COLLATE=utf8mb4_0900_ai_ci
SELECT * FROM new_table;
id	value	name
1	(1,2)	test
DROP TABLE new_table;
SELECT * FROM villagesql.custom_columns;
db_name	table_name	column_name	extension_name	extension_version	type_name
include/rpl/deprecated/show_binlog_events.inc
Log_name	Pos	Event_type	Server_id	End_log_pos	Info
#	#	Query	#	#	use `test`; CREATE TABLE `old_table` (
  `id` int NOT NULL,
  `value` vsql_complex.COMPLEX DEFAULT NULL,
  `name` varchar(50) DEFAULT NULL,
  PRIMARY KEY (`id`)
)
#	#	Query	#	#	BEGIN
#	#	Table_map	#	#	table_id: # (test.old_table)
#	#	Write_rows	#	#	table_id: # flags: STMT_END_F
#	#	Xid	#	#	COMMIT /* XID */
#	#	Query	#	#	use `test`; RENAME TABLE old_table TO new_table
#	#	Query	#	#	use `test`; DROP TABLE `new_table` /* generated by server */
