CREATE TABLE t1 (
id INT,
name VARCHAR(50),
value COMPLEX
);
INSERT INTO t1 VALUES (1, 'test1', '(1.0,2.0)');
INSERT INTO t1 VALUES (10, 'test2', '(3.5,-1.2)');
INSERT INTO t1 VALUES (25, 'test3', '(2.5,1.5)');
SHOW CREATE TABLE t1;
Table	Create Table
t1	CREATE TABLE `t1` (
  `id` int DEFAULT NULL,
  `name` varchar(50) DEFAULT NULL,
  `value` vsql_complex.COMPLEX DEFAULT NULL
) ENGINE=InnoDB DEFAULT CHARSET=utf8mb4 COLLATE=utf8mb4_0900_ai_ci
ALTER TABLE t1 PARTITION BY RANGE (id) (
PARTITION p0 VALUES LESS THAN (10),
PARTITION p1 VALUES LESS THAN (20),
PARTITION p2 VALUES LESS THAN MAXVALUE
);
SHOW CREATE TABLE t1;
Table	Create Table
t1	CREATE TABLE `t1` (
  `id` int DEFAULT NULL,
  `name` varchar(50) DEFAULT NULL,
  `value` vsql_complex.COMPLEX DEFAULT NULL
) ENGINE=InnoDB DEFAULT CHARSET=utf8mb4 COLLATE=utf8mb4_0900_ai_ci
/*!50100 PARTITION BY RANGE (`id`)
(PARTITION p0 VALUES LESS THAN (10) ENGINE = InnoDB,
 PARTITION p1 VALUES LESS THAN (20) ENGINE = InnoDB,
 PARTITION p2 VALUES LESS THAN MAXVALUE ENGINE = InnoDB) */
SELECT * FROM t1;
id	name	value
1	test1	(1,2)
10	test2	(3.5,-1.2)
25	test3	(2.5,1.5)
INSERT INTO t1 VALUES (5, 'test4', '(4.0,5.0)');
INSERT INTO t1 VALUES (15, 'test5', '(6.0,-2.0)');
INSERT INTO t1 VALUES (30, 'test6', '(1.5,3.5)');
SELECT * FROM t1;
id	name	value
1	test1	(1,2)
5	test4	(4,5)
10	test2	(3.5,-1.2)
15	test5	(6,-2)
25	test3	(2.5,1.5)
30	test6	(1.5,3.5)
DROP TABLE t1;
include/rpl/deprecated/show_binlog_events.inc
Log_name	Pos	Event_type	Server_id	End_log_pos	Info
#	#	Query	#	#	use `test`; CREATE TABLE `t1` (
  `id` int DEFAULT NULL,
  `name` varchar(50) DEFAULT NULL,
  `value` vsql_complex.COMPLEX DEFAULT NULL
)
#	#	Query	#	#	BEGIN
#	#	Table_map	#	#	table_id: # (test.t1)
#	#	Write_rows	#	#	table_id: # flags: STMT_END_F
#	#	Xid	#	#	COMMIT /* XID */
#	#	Query	#	#	BEGIN
#	#	Table_map	#	#	table_id: # (test.t1)
#	#	Write_rows	#	#	table_id: # flags: STMT_END_F
#	#	Xid	#	#	COMMIT /* XID */
#	#	Query	#	#	BEGIN
#	#	Table_map	#	#	table_id: # (test.t1)
#	#	Write_rows	#	#	table_id: # flags: STMT_END_F
#	#	Xid	#	#	COMMIT /* XID */
#	#	Query	#	#	use `test`; ALTER TABLE t1 PARTITION BY RANGE (id) (
PARTITION p0 VALUES LESS THAN (10),
PARTITION p1 VALUES LESS THAN (20),
PARTITION p2 VALUES LESS THAN MAXVALUE
)
#	#	Query	#	#	BEGIN
#	#	Table_map	#	#	table_id: # (test.t1)
#	#	Write_rows	#	#	table_id: # flags: STMT_END_F
#	#	Xid	#	#	COMMIT /* XID */
#	#	Query	#	#	BEGIN
#	#	Table_map	#	#	table_id: # (test.t1)
#	#	Write_rows	#	#	table_id: # flags: STMT_END_F
#	#	Xid	#	#	COMMIT /* XID */
#	#	Query	#	#	BEGIN
#	#	Table_map	#	#	table_id: # (test.t1)
#	#	Write_rows	#	#	table_id: # flags: STMT_END_F
#	#	Xid	#	#	COMMIT /* XID */
#	#	Query	#	#	use `test`; DROP TABLE `t1` /* generated by server */
