CREATE TABLE t1 (
id INT,
name VARCHAR(50),
value COMPLEX
) PARTITION BY HASH (id) PARTITIONS 3;
INSERT INTO t1 VALUES (1, 'test1', '(1.0,2.0)');
INSERT INTO t1 VALUES (2, 'test2', '(3.5,-1.2)');
INSERT INTO t1 VALUES (3, 'test3', '(2.5,1.5)');
SHOW CREATE TABLE t1;
Table	Create Table
t1	CREATE TABLE `t1` (
  `id` int DEFAULT NULL,
  `name` varchar(50) DEFAULT NULL,
  `value` vsql_complex.COMPLEX DEFAULT NULL
) ENGINE=InnoDB DEFAULT CHARSET=utf8mb4 COLLATE=utf8mb4_0900_ai_ci
/*!50100 PARTITION BY HASH (`id`)
PARTITIONS 3 */
SELECT * FROM t1;
id	name	value
3	test3	(2.5,1.5)
1	test1	(1,2)
2	test2	(3.5,-1.2)
ALTER TABLE t1 REMOVE PARTITIONING;
SHOW CREATE TABLE t1;
Table	Create Table
t1	CREATE TABLE `t1` (
  `id` int DEFAULT NULL,
  `name` varchar(50) DEFAULT NULL,
  `value` vsql_complex.COMPLEX DEFAULT NULL
) ENGINE=InnoDB DEFAULT CHARSET=utf8mb4 COLLATE=utf8mb4_0900_ai_ci
SELECT * FROM t1;
id	name	value
3	test3	(2.5,1.5)
1	test1	(1,2)
2	test2	(3.5,-1.2)
INSERT INTO t1 VALUES (4, 'test4', '(4.0,5.0)');
SELECT * FROM t1;
id	name	value
3	test3	(2.5,1.5)
1	test1	(1,2)
2	test2	(3.5,-1.2)
4	test4	(4,5)
DROP TABLE t1;
include/rpl/deprecated/show_binlog_events.inc
Log_name	Pos	Event_type	Server_id	End_log_pos	Info
#	#	Query	#	#	use `test`; CREATE TABLE `t1` (
  `id` int DEFAULT NULL,
  `name` varchar(50) DEFAULT NULL,
  `value` vsql_complex.COMPLEX DEFAULT NULL
)
/*!50100 PARTITION BY HASH (`id`)
PARTITIONS 3 */
#	#	Query	#	#	BEGIN
#	#	Table_map	#	#	table_id: # (test.t1)
#	#	Write_rows	#	#	table_id: # flags: STMT_END_F
#	#	Xid	#	#	COMMIT /* XID */
#	#	Query	#	#	BEGIN
#	#	Table_map	#	#	table_id: # (test.t1)
#	#	Write_rows	#	#	table_id: # flags: STMT_END_F
#	#	Xid	#	#	COMMIT /* XID */
#	#	Query	#	#	BEGIN
#	#	Table_map	#	#	table_id: # (test.t1)
#	#	Write_rows	#	#	table_id: # flags: STMT_END_F
#	#	Xid	#	#	COMMIT /* XID */
#	#	Query	#	#	use `test`; ALTER TABLE t1 REMOVE PARTITIONING
#	#	Query	#	#	BEGIN
#	#	Table_map	#	#	table_id: # (test.t1)
#	#	Write_rows	#	#	table_id: # flags: STMT_END_F
#	#	Xid	#	#	COMMIT /* XID */
#	#	Query	#	#	use `test`; DROP TABLE `t1` /* generated by server */
