CREATE TABLE t_complex (id INT PRIMARY KEY, val COMPLEX);
INSERT INTO t_complex VALUES
(1, '(1.0,2.0)'),
(2, '(3.0,4.0)'),
(3, '(5.0,6.0)');
INSERT INTO t_complex SELECT id + 10, val FROM t_complex WHERE id = 1;
SELECT val FROM t_complex WHERE id = 11;
val
(1,2)
DROP TABLE t_complex;
