CREATE TABLE t_complex (id INT, val COMPLEX);
CREATE TABLE t_numeric (id INT, val DECIMAL(10,2));
INSERT INTO t_complex VALUES (1, '(1.0,2.0)');
INSERT INTO t_numeric VALUES (1, 10.50);
SELECT * FROM t_complex WHERE val > (SELECT AVG(val) FROM t_numeric);
ERROR HY000: Cannot compare values of custom and non-custom types in >
DROP TABLE t_complex;
DROP TABLE t_numeric;
