CREATE TABLE t_complex (id INT, val COMPLEX);
CREATE TABLE t_string (id INT, val VARCHAR(100));
INSERT INTO t_complex VALUES (1, '(1.0,2.0)');
INSERT INTO t_string VALUES (1, 'hello');
SELECT * FROM t_complex WHERE val IN (SELECT val FROM t_string);
ERROR HY000: Cannot compare values of custom and non-custom types in =
DROP TABLE t_complex;
DROP TABLE t_string;
