CREATE TABLE t_complex (id INT PRIMARY KEY, val COMPLEX);
INSERT INTO t_complex VALUES
(1, '(0,0)'),
(2, '(-0,0)'),
(3, '(-0,-0)'),
(4, '(0,-0)'),
(5, '(-1.0,-4.0)'),
(6, '(1.0,4.0)'),
(7, '(-1.0,4.0)'),
(8, '(1.0,-4.0)'),
(9, '(-0.01,7.0)'),
(10, '(0.01,-7.0)'),
(11, '(1,2)');
WITH complex_cte AS (
SELECT id, val FROM t_complex WHERE id <= 10
)
SELECT * FROM complex_cte ORDER BY val, id;
id	val
5	(-1,-4)
7	(-1,4)
9	(-0.01,7)
1	(0,0)
2	(0,0)
3	(0,0)
4	(0,0)
10	(0.01,-7)
8	(1,-4)
6	(1,4)
DROP TABLE t_complex;
