CREATE TABLE t_complex (id INT PRIMARY KEY, val COMPLEX);
INSERT INTO t_complex VALUES
(1, '(1.0,2.0)'),
(2, '(3.0,4.0)'),
(3, '(5.0,6.0)');
SELECT * FROM t_complex c1
WHERE EXISTS (SELECT 1 FROM t_complex c2 WHERE c1.id = c2.id + 1);
id	val
2	(3,4)
3	(5,6)
DROP TABLE t_complex;
