CREATE TABLE t_complex (id INT PRIMARY KEY, val COMPLEX);
INSERT INTO t_complex VALUES
(1, '(0,0)'),
(2, '(-0,0)'),
(3, '(-0,-0)'),
(4, '(0,-0)'),
(5, '(-1.0,-4.0)'),
(6, '(1.0,4.0)'),
(7, '(-1.0,4.0)'),
(8, '(1.0,-4.0)'),
(9, '(-0.01,7.0)'),
(10, '(0.01,-7.0)'),
(11, '(1,2)');
SELECT c1.id as id1, c2.id as id2, c1.val as val1, c2.val as val2
FROM t_complex c1
JOIN t_complex c2 ON c1.val = c2.val
ORDER BY c1.id, c2.id, c1.val, c2.val;
id1	id2	val1	val2
1	1	(0,0)	(0,0)
1	2	(0,0)	(0,0)
1	3	(0,0)	(0,0)
1	4	(0,0)	(0,0)
2	1	(0,0)	(0,0)
2	2	(0,0)	(0,0)
2	3	(0,0)	(0,0)
2	4	(0,0)	(0,0)
3	1	(0,0)	(0,0)
3	2	(0,0)	(0,0)
3	3	(0,0)	(0,0)
3	4	(0,0)	(0,0)
4	1	(0,0)	(0,0)
4	2	(0,0)	(0,0)
4	3	(0,0)	(0,0)
4	4	(0,0)	(0,0)
5	5	(-1,-4)	(-1,-4)
6	6	(1,4)	(1,4)
7	7	(-1,4)	(-1,4)
8	8	(1,-4)	(1,-4)
9	9	(-0.01,7)	(-0.01,7)
10	10	(0.01,-7)	(0.01,-7)
11	11	(1,2)	(1,2)
SELECT c1.id as id1, c2.id as id2, c1.val as val1, c2.val as val2
FROM t_complex c1
JOIN t_complex c2 ON c1.val = c2.val
ORDER BY c1.val, c2.val, c1.id, c2.id;
id1	id2	val1	val2
5	5	(-1,-4)	(-1,-4)
7	7	(-1,4)	(-1,4)
9	9	(-0.01,7)	(-0.01,7)
1	1	(0,0)	(0,0)
1	2	(0,0)	(0,0)
1	3	(0,0)	(0,0)
1	4	(0,0)	(0,0)
2	1	(0,0)	(0,0)
2	2	(0,0)	(0,0)
2	3	(0,0)	(0,0)
2	4	(0,0)	(0,0)
3	1	(0,0)	(0,0)
3	2	(0,0)	(0,0)
3	3	(0,0)	(0,0)
3	4	(0,0)	(0,0)
4	1	(0,0)	(0,0)
4	2	(0,0)	(0,0)
4	3	(0,0)	(0,0)
4	4	(0,0)	(0,0)
10	10	(0.01,-7)	(0.01,-7)
8	8	(1,-4)	(1,-4)
11	11	(1,2)	(1,2)
6	6	(1,4)	(1,4)
DROP TABLE t_complex;
