CREATE TABLE t_complex (id INT PRIMARY KEY, val COMPLEX);
INSERT INTO t_complex VALUES
(1, '(1.0,2.0)'),
(2, '(3.0,4.0)'),
(3, '(5.0,6.0)');
SELECT id FROM t_complex WHERE id IN (SELECT id FROM t_complex WHERE id > 1);
id
2
3
DROP TABLE t_complex;
