CREATE TABLE t1 (
id INT PRIMARY KEY,
val COMPLEX
);
INSERT INTO t1 VALUES
(1, '(1.0,2.0)'),
(2, '(0,0)'),
(3, '(-3.5,4.5)'),
(4, '(-0,0)'),
(5, '(5.0,-6.0)'),
(6, '(0,-0)'),
(7, '(-7.5,-8.5)'),
(8, '(-0,-0)'),
(9, '(9.0,10.0)'),
(10, '(0,0)');
SELECT * FROM t1 ORDER BY id;
id	val
1	(1,2)
2	(0,0)
3	(-3.5,4.5)
4	(0,0)
5	(5,-6)
6	(0,0)
7	(-7.5,-8.5)
8	(0,0)
9	(9,10)
10	(0,0)
DELETE IGNORE FROM t1 WHERE id = 1;
SELECT * FROM t1 ORDER BY id;
id	val
2	(0,0)
3	(-3.5,4.5)
4	(0,0)
5	(5,-6)
6	(0,0)
7	(-7.5,-8.5)
8	(0,0)
9	(9,10)
10	(0,0)
DELETE IGNORE FROM t1 WHERE id IN (2, 4, 6);
SELECT * FROM t1 ORDER BY id;
id	val
3	(-3.5,4.5)
5	(5,-6)
7	(-7.5,-8.5)
8	(0,0)
9	(9,10)
10	(0,0)
DROP TABLE t1;
CREATE TABLE parent (
id INT PRIMARY KEY,
val COMPLEX
);
CREATE TABLE child (
id INT PRIMARY KEY,
parent_id INT,
FOREIGN KEY (parent_id) REFERENCES parent(id)
);
INSERT INTO parent VALUES (1, '(1.0,1.0)'), (2, '(2.0,2.0)'), (3, '(3.0,3.0)');
INSERT INTO child VALUES (1, 1), (2, 1), (3, 2);
DELETE IGNORE FROM parent WHERE id IN (1, 3);
Warnings:
Warning	1451	Cannot delete or update a parent row: a foreign key constraint fails (`test`.`child`, CONSTRAINT `child_ibfk_1` FOREIGN KEY (`parent_id`) REFERENCES `parent` (`id`))
SELECT * FROM parent ORDER BY id;
id	val
1	(1,1)
2	(2,2)
SELECT * FROM child ORDER BY id;
id	parent_id
1	1
2	1
3	2
DROP TABLE child;
DROP TABLE parent;
